X1,X2,target
0.7700723519332324,0.07905483183252893,0.6651892628961701
0.7117744594907168,0.5678869755846664,0.3529828176743054
0.735162503542232,0.574452909950252,0.32975570586988995
0.7859441800396548,0.7159859898954897,0.10556425984311922
0.2176164280132935,0.43113165178113666,0.14808702115784264
0.7187142655312928,0.9178337464753551,-0.13819956451896126
0.010526160799338768,0.4581233834924914,-4.537636094645918
0.305827162804711,0.5698630982160781,0.46719738190446464
0.29964885100502503,0.8951850370233615,0.2996468299426853
0.14093367431895987,0.15599547629863053,-1.1482615114263528
0.19998879444336193,0.8333606971395239,0.4199804592561858
0.6481986441456559,0.7944693769882524,0.10440418742251482
0.99148883739689,0.4061957211457772,0.3820232953666808
0.7459973967333461,0.3206768506306238,0.5681953590636704
0.20319460777128429,0.21010720464376764,-0.3861152515192084
0.06037932653537159,0.7231813128344644,-0.37904115932572807
0.5985639407775021,0.303017917072011,0.5856262023575428
0.24603356943625176,0.9254942519022212,0.31945315890096987
0.04187010655910883,0.9499905782819822,-0.1726053540205365
0.39806731498248904,0.9771279342259326,0.06996186391054844
0.6740061363814911,0.051136255233309114,0.6077077552059996
0.9414983492456497,0.9764102615146615,-0.36412023149041195
0.03200958222064387,0.19485285040987577,-3.922903580901624
0.2909586181956838,0.7113190131827827,0.4527192193426305
0.6924199632913464,0.43881053305532214,0.4946340581018804
0.8601100171464363,0.9476714536790752,-0.5663597960904861
0.02891128094313089,0.40905509988724154,-3.1854408490181796
0.6330253650882847,0.16763341379580565,0.6093430808368326
0.11119640755160343,0.6137584603443146,-0.10658420393016844
0.34202477775855544,0.9343458208284261,0.19658820671004182
0.27136419437056225,0.9885781150452133,0.20390369866160596
0.008322701673904809,0.7086589836638438,-3.2994257563574405
0.21391488607380071,0.06491046411714685,-0.6438894947600409
0.6991989567405765,0.8819166176784813,-0.06781565898085885
0.5171531104327743,0.8216632487366303,0.18196611440554764
0.8871645160657837,0.22505247457884636,0.6055313532394344
0.25436317877350056,0.3079648673945581,0.09803150316406954
0.695014149992184,0.3575345659612732,0.5553095935382971
0.21025440704485332,0.5363322568163382,0.2761087626050226
0.4877966062852741,0.34475543571603406,0.5481565232325973
0.30808864590084784,0.8930348146162158,0.2935197873456413
0.6319015750999771,0.3157654035580135,0.5844194191158426
0.36831590475599996,0.7054086317806783,0.4312963882300041
0.4908127957674653,0.26891098665148594,0.5379630246676945
0.7738533243283066,0.005789025732491182,0.6679785096752451
0.07216159914744436,0.7011891664534449,-0.27424136535018057
0.3068743901528478,0.9349013779469365,0.23800332698181728
0.5972089957310751,0.4267275686565132,0.5344258453885362
0.8906870872300631,0.19313160794121143,0.6275474864766392
0.5764876097064848,0.7076519824431006,0.2824258765896127
0.7267327786564646,0.5164613734202698,0.40155449607016525
0.7964490837094197,0.6530395383990546,0.18510432399231905
0.530782509599247,0.38735030135898096,0.5558512571571909
0.8178080323801061,0.517938838581367,0.344931423840553
0.5090582257731557,0.3531464580653574,0.556693931741638
0.306327257015116,0.471681092766967,0.4268543403240726
0.8513899141170128,0.8208015835151837,-0.09403299701661069
0.11108474745004937,0.9156269553934826,0.38410405267403164
0.2815208093474807,0.21574348095512574,0.05818031372392097
0.32226696115275333,0.4909260997328393,0.4574889974915122
0.9792669213503424,0.018731641679027855,0.720673888164218
0.4899442246764759,0.14234009506816148,0.4787531056873068
0.10707694933184764,0.3509590724507766,-1.0112084060277269
0.06570593290566895,0.8560308545218784,0.12102866313618332
0.20230315565185963,0.5504364732376289,0.2689099792578672
0.004987038065081606,0.8118906426567715,-3.130945728435538
0.44109639805957623,0.14922588562257044,0.4091534035862175
0.3890586583195691,0.604666117135003,0.4829008635370912
0.5607284381973605,0.9125447114501423,0.0051890493501926
0.6155246913213329,0.5288335409466511,0.45057890313901333
0.6846603234566283,0.14989850845546482,0.6305631296303059
0.502803122904902,0.8428059964263266,0.16570079703306398
0.7020850687656958,0.7826091687688241,0.07672252685092235
0.5974140654968153,0.9004105884173355,-0.00948554383496112
0.9125003965088666,0.6714652638335623,0.07580193702033282
0.5131798928875292,0.03884825550980964,0.5393872368809418
0.32007659406852595,0.15531343847282375,0.11057630153800362
0.5659116286771871,0.33463407667313105,0.5732608840140992
0.050785907283993015,0.876521577191873,0.019106356844323186
0.8076447248984981,0.9452053417664331,-0.33361271782052415
0.5370013229237477,0.9050007011440767,0.038975558481303525
0.8095261439098997,0.031881178495431484,0.6819500987606399
0.3481396953953322,0.9984671824058932,0.09179008758753225
0.24083852466514866,0.6873215625085517,0.44199755023344384
0.4632521582009558,0.9446014879684033,-0.022997669920370698
0.1383745538025517,0.7339777556392678,0.2945438499046277
0.6767877436343334,0.3783589200097155,0.5459625493099951
0.1072226932666267,0.5443798849573614,-0.35080151005237253
0.3248408937258168,0.5782454452446177,0.47970581810646645
0.9136258353349411,0.23918773047067488,0.5884086067354796
0.543878532843781,0.13268184555917495,0.5367531904349732
0.095907411104864,0.11078088880502124,-2.0497789157642385
0.1357110137683888,0.14836027253208173,-1.2422078799366747
0.4576255336194728,0.9610182251936538,0.06871376793015722
0.24743356504065417,0.4043392951319744,0.21986613455867873
0.11405699118676782,0.5695218749986117,-0.20316722813726462
0.34199833691088166,0.6641998056765529,0.4645660888444437
0.2453236120900577,0.6781155058456044,0.4436003481789138
0.5769223905718305,0.8899504075657778,0.02539471704101403
0.6919884870244039,0.17495450352904673,0.6299819416395479
0.6248838263353405,0.7331472201476108,0.20988490808525642
0.7707465554106999,0.1634180596336301,0.6465724707652503
0.9141391216809532,0.14122182487597523,0.6581776442397499
0.035772103914506914,0.31886499768906307,-3.225498277513585
0.4443983438487846,0.05651363446432711,0.3204224960622173
0.1800041934926372,0.8668332348883362,0.4112732007318776
0.10859514850469743,0.824273002993549,0.30588014148330744
0.5910815071319925,0.09407856751094068,0.5653175062822607
0.766652158245659,0.19194494635747494,0.6358276061369215
0.5356272690620004,0.05521325237777219,0.47256475959523975
0.9188244505562523,0.05857960401618656,0.7011727016448337
0.9403176340871335,0.5491079133608779,0.2265239474538092
0.02919910994449071,0.19672660455093927,-4.072015838816347
0.5375048601384934,0.6912943818479582,0.3323825207980243
0.1440743310776177,0.13616359459100869,-1.1649938822406256
0.48862600745198914,0.9159446298430879,0.06983247437829612
0.8299863938442117,0.8128368551382366,-0.06720273171531448
0.6176746845287732,0.29390092403322243,0.5905309971554424
0.9384254412745456,0.8640801110156918,-0.21482924090401714
0.7066558521239454,0.30454237538620355,0.5851327299091934
0.8347037531385311,0.17442721630419566,0.6439134258074004
0.20549132908081424,0.305674408841913,-0.15510951382157986
0.9293238977467673,0.20100460620335425,0.6151289006268946
0.7412857849421746,0.24825487286496473,0.6111340121320328
0.40512122334571476,0.22845920898780547,0.4117865892349896
0.10999418749870415,0.13649490145838672,-1.6890485433740348
0.0642601965833004,0.02933631951513005,-3.114809111251039
0.041361312434232356,0.07435966292462393,-3.8414387467151356
0.5737451546467635,0.876056798015896,0.04941946539135314
0.8853596476204774,0.4214856963339805,0.419673978747813
0.5175532926311519,0.04023282451472199,0.3014370777469624
0.1818799042337692,0.19375736231195073,-0.5979740139743546
0.6023187803361694,0.03062015717836164,0.5508691894441908
0.33377210466494445,0.9602445679053269,0.20180467450952266
0.8836196740289586,0.8300958377102612,-0.13033622662074268
0.3580387579701544,0.7581730209027444,0.3944665985145711
0.9249860881302016,0.5065554258899868,0.29294602038106704
0.16201763314368767,0.7145876758499132,0.3424893575986754
0.15349216581090985,0.10997079551759836,-1.1193258993609756
0.7336373312771625,0.8735118196764158,-0.08339038243340618
0.8587866265845924,0.027061363112746317,0.6976941986884498
0.938803373069178,0.5147028413265523,0.27382947684685394
0.2684718012659546,0.16706492149434748,-0.08494853987638364
0.5723316224998009,0.7681169894380284,0.20692101767257626
0.7290041770402472,0.6019616950835276,0.30038641279405687
0.8235746122252765,0.7539537136560344,0.022874035196650325
0.12356735612431669,0.21145024514344346,-1.2244407597292997
0.8411738036653978,0.2020775468420477,0.6281607792548486
0.19602692457788728,0.41612732512407924,0.018493081243866626
0.6780335957675844,0.31572007442166117,0.582433491435722
0.6051222954002707,0.7883128638697723,0.1503699911215865
0.887745264361639,0.8916838887444543,-0.2199133630833087
0.24039412721279174,0.11865631332572468,-0.33397435091884675
0.2749139427100493,0.5398547969887967,0.42206292185833566
0.4226222102629882,0.009862211571910584,0.22568826640320058
0.628586872324648,0.27003015716267065,0.598103015040602
0.13273448470442395,0.40552882562472925,-0.49404464341632215
0.39472835772662107,0.5541735751405047,0.5001790641925722
0.3757221899049068,0.3191315204664691,0.4317171386302896
0.5990405661560536,0.9833167990709096,-0.14022409757672355
0.06828716809306534,0.3561766448176643,-1.806973019521002
0.5379350068326338,0.045345147050219414,-1.2368055579837502
0.1140930244963354,0.12828002815472894,-1.6413823421129738
0.49813548664190177,0.35431497581270355,0.5527111785639787
0.4225885354595399,0.9602645166665622,0.10279419110594103
0.1420685577110321,0.5637998074417666,0.00774163365210577
0.9474239691057653,0.22965912987290626,0.5875947251626569
0.9928854361576034,0.5178174438892711,0.23595839021709353
0.002336744069965757,0.10729768368996517,-4.057115596208752
0.4681690795506078,0.3401847608812426,0.5369440584142726
0.5511288290324009,0.7127207249708799,0.29637998216454015
0.32819407195182615,0.6038347549929036,0.48016811701994916
0.7706654336267287,0.4594409470843561,0.438176689150551
0.7787242009072671,0.8888536923668128,-0.1404524087442681
0.9777139572675619,0.8171627187466549,-0.17490951129947135
0.8116402163285874,0.6587465405595675,0.1661770332976964
0.14273081915524033,0.6223353308080142,0.13394764508460535
0.8901624931106885,0.7545035516016366,-0.026858018640593992
0.06767286791696225,0.39113060472712957,-1.6715671348555408
0.15708607546868814,0.962589152095895,0.37517546295782667
0.329921452368493,0.9125439838854366,0.24288520213435136
0.09306258804603762,0.3533951055614737,-1.2468145328929607
0.9604755293732359,0.6727611307702395,0.0408041031457915
0.3121768951726043,0.33287442330725425,0.31846570708052885
0.9827662391097899,0.4740052520947836,0.300502315249215
0.08317813981853395,0.5351303503075764,-0.7216315634598663
0.49517401882969514,0.4682062594139542,0.5286238504631199
0.2566975822039873,0.41886701703712403,0.26899764932027753
0.3240937365135218,0.6772872849427063,0.4618015174490835
0.6956636469343095,0.43814681134797084,0.4939098178103755
0.5267159047718288,0.9326924264216597,0.0035459190688718204
0.029403609919396168,0.9725275741147097,0.002409949745936283
0.11884644093501151,0.448634238934302,-0.5181922378402555
0.4455522887022626,0.11307294252550404,0.38566360652720644
0.006608639985233533,0.8666069820537265,-2.223031006829328
0.6290302681293519,0.8851157687242196,-0.013676752584034568
0.5514727467094964,0.9968416052502086,-0.12034690248569786
0.2134890093179953,0.4782346315528242,0.20594797417091282
0.3701105196507617,0.2561813936542705,0.3703134616235851
0.9296489919128517,0.5544596501981697,0.22652978681563907
0.2333600755979638,0.48853307775253174,0.28652598054696654
0.10950090854527594,0.1906927430528299,-1.5226766876072284
0.19792748799792415,0.16064300082817795,-0.5434149729963017
0.6916258779386097,0.06434516228874498,0.6301965822899219
0.23915857841604793,0.29271623526422497,0.0033435197776282956
0.7147306544468269,0.23848285834550864,0.6157008336315231
0.682662969668131,0.21789804846783478,0.6193701895410598
0.43623594619261286,0.04000135338987332,0.4613369411376323
0.20395309433231112,0.8099202074039106,0.4258984239039673
0.9036089688597517,0.20118355485920658,0.6198092055510701
0.21018636205032026,0.3135288910366738,-0.11012421562977195
0.43247236059487704,0.9021260091731167,0.14846843087471848
0.5542332326390622,0.40347641906894605,0.5514583399361944
0.9392859976314607,0.1303454943178869,0.6625726262434879
0.44111075504707653,0.4451987353458584,0.5277813088937949
0.5835712730742476,0.0366064830681091,0.5532210111240079
0.10441075308537395,0.6911478534136507,0.03594216384475584
0.8293024932065942,0.486658548187354,0.37539387820882536
0.9967432241822284,0.33206021500300364,0.46728001817081216
0.2751681020675687,0.6849401674819752,0.4576825957853422
0.8947303935271747,0.903656485260666,-0.24136089846392347
0.9398920782876217,0.2990036709477387,0.5257573430254654
0.019362995497717472,0.012554660261294703,-5.0181457551143644
0.12725475272599918,0.04628364664881923,-2.7617503197488658
0.39119091636358594,0.5023479391132104,0.5074985468504577
0.24634464835468506,0.6091501619478593,0.42053835903726516
0.7953316085899395,0.8778934576816182,-0.13586888997507657
0.30339980442858483,0.5298405643019694,0.4528912568917115
0.9858527178405659,0.7624069302107366,-0.10366160507707838
0.2572574966851551,0.6453477483399389,0.44600438593192027
7.565232501993702e-05,0.8633265424333939,-5.006560369908296
0.10736413695491687,0.6389964307283487,-0.07268923894618769
0.9457651933852356,0.6360836386501343,0.10282068635752876
0.9227693885904293,0.03495708622985905,0.6990262657184348
0.7246244830412566,0.40921507555592784,0.5069443442994067
0.8420206122342953,0.12281150004975416,0.6673910440627729
0.4932579370752217,0.5588672449526245,0.4809259924904603
0.5495622632221778,0.329847207527899,0.5708497906053772
0.609804826828334,0.1065512698520713,0.5852686190914971
0.7520382229186258,0.9285089231425263,-0.18200089771290362
0.467009359397658,0.5717830057345282,0.4814911307383843
0.5275191199741012,0.03940891014461512,0.5632427494053408
0.7600132984212997,0.37842647597647017,0.5197255699592831
0.12270847049074929,0.3665204209878976,-0.734007374493935
0.174242818292076,0.12314531651260818,-0.8533226684897143
0.43441618297239004,0.62765831294347,0.4565998481899087
0.8639851611949222,0.8315512057360703,-0.11846988458560645
0.2409933188883121,0.018695125093433296,-0.5376679419782388
0.2964836784995247,0.32096360720760075,0.2628157850428115
0.7722886963979958,0.35298596814006034,0.5366176196789014
0.5392679239038232,0.1776942138308243,0.5501316440650196
0.8611385188709902,0.8371924872063014,-0.12454596253554276
0.3135047569761188,0.28599907177820516,0.2678073441654984
0.14454841500326954,0.7969474342175239,0.37320664433061784
0.8648483864990476,0.13081636600391222,0.6649384886586568
0.22277015115577048,0.8601948511065839,0.39934355392407156
0.29151313597927375,0.4421182508918017,0.3793852816042219
0.21539929815381387,0.7013208538957277,0.42373103523519134
0.14057067673838797,0.42243042514000995,-0.36557095285721647
0.04697985669740623,0.4749818391949334,-1.9398158068695794
0.908967487751331,0.10514544595481079,0.6779063473466417
0.3588813800940365,0.9936111927120541,0.08684422968165456
0.9135339128150642,0.9736382786972869,-0.3427742506618569
0.6561921677669083,0.44550393380071673,0.5034491749367248
0.06144428466515928,0.9364244624110438,0.26136164007488194
0.10727071149465195,0.9110278502941176,0.3772255060143098
0.8225927678853828,0.4184604282452886,0.454930325827506
0.7950869905385054,0.6541532104269204,0.18458352973076345
0.5595293413941099,0.024540338398110872,0.4953436714356939
0.8029746166035717,0.34433284801172936,0.533424767552756
0.8567859771041715,0.03549895476509923,0.6913354171493773
0.4136971189269132,0.08166384911133562,0.28619370322169624
0.3019365659468638,0.5417868519639888,0.4558919410453911
0.7333674035828089,0.5876792364524085,0.3150296496056357
0.9816949979036549,0.29824313960129056,0.5104795433591073
0.8242355967259603,0.7567400981366776,0.018285643337077228
0.38608565432494846,0.7619144550481484,0.37088937800032956
0.01072793726380894,0.3737994134276357,-4.838055017738634
0.20610653878347474,0.47063149714886654,0.16460452124523967
0.6761364916232889,0.43656950245802706,0.502999984361437
0.5269758822338769,0.33746805470651875,0.5637112775491746
0.823945301212898,0.18597449668769095,0.6383279719047501
0.9506935953617436,0.5219486038812505,0.256674570675064
0.8461181225830623,0.9394016001405447,-0.27423712691007396
0.540335582955384,0.9755246478592926,-0.0728655551254757
0.025897551777017913,0.4692199136715104,-3.0597503659913197
0.33607842222756157,0.40113749597036985,0.42629278281614635
0.5054988023097661,0.15323745701178937,0.504899426478906
0.4586653350083897,0.13126066537285408,0.4238785796279987
0.7560548323351708,0.0689431835986356,0.6611550446540962
0.3845695345911574,0.7253435571638376,0.40623275879856613
0.11361623420960898,0.6397546949575971,-0.018497246813251128
0.4054312654345126,0.8034672828473971,0.3091363748711009
0.13262071184176705,0.8566982312981948,0.38786985742728164
0.3863595542444358,0.1863155341671352,0.3363687856461593
0.5626408338897241,0.10577288663423845,0.5435564666525732
0.5042242421624618,0.5208688679913921,0.5014873095769568
0.7330587892157598,0.6945949153728079,0.17590772378956213
0.5732701230386067,0.03649133784649761,0.5385614301137966
0.3158042286842754,0.11886758067116876,0.0389351095011815
0.03521743939217614,0.2878700944681427,-3.390910822343031
0.3347779770732707,0.8760058785015762,0.2874500013553753
0.9311570400905316,0.9742791335360451,-0.35572226208536617
0.16710064497268906,0.8038264933911548,0.4077940840544185
0.08573203212850922,0.05229772677399369,-2.537307420222147
0.34201887373732365,0.7382686894210334,0.4205877389273146
0.13663582502768035,0.8632354395604908,0.3949772659858192
0.14273488363587783,0.8670926455007675,0.40133397182013897
0.9172383750339619,0.43944987219330967,0.3815663185348469
0.09052264151845135,0.23003438150417166,-1.7601972093867555
0.24573940395839944,0.6340499236026296,0.4313362150560956
0.2102970816771802,0.3339067403509547,-0.06750510055183982
0.8583716947213135,0.5694473188286505,0.2536254470090974
0.7039762665315165,0.38865558352290885,0.5308118204469968
0.615140461222925,0.7795559974427698,0.15411387066411197
0.35888037193337397,0.31449287068519627,0.3998079288734711
0.6162271876139481,0.10749200178182139,0.5902018809272378
0.10276627868997845,0.8731380603063831,0.34126640471544617
0.6251118111406897,0.44129970050101186,0.5174436087772367
0.6704392569003811,0.6554404654965525,0.275586882922273
0.6802573075264549,0.04552220064445012,-0.6527688366290958
0.14593451327621443,0.07092197866234717,-1.3239045269529994
0.6285630704739305,0.7629409968877808,0.16597873948285785
0.85020049857649,0.5640531109543995,0.2661236537564452
0.17989066425291245,0.35047634956737084,-0.22541782539594823
0.03887561668335804,0.24813562279851187,-3.369138276842223
0.3560064658659555,0.9072539599689935,0.22214522724094238
0.8009008508922711,0.9822493131818201,-0.2890537305677486
0.03199586352733075,0.4586122217157478,-2.7336804597091358
0.07159620021420776,0.17850324693939879,-2.4211835707638367
0.13126559932563886,0.8054868237278288,0.3518109756753211
0.6813016153793021,0.10773612135991595,0.6293810088576075
0.2833510625786222,0.9215323197437649,0.282724334139725
0.6379126349716835,0.8848371111623563,-0.02104466437591232
0.9784109652807119,0.2801483013707571,0.5304081648202565
0.4622664900482848,0.3801851109936094,0.53747572232449
0.4136022355215754,0.6577819178267796,0.4442914223852067
0.6613495861089567,0.3810238902238241,0.5480509224024843
0.841800810946319,0.000911012001215461,0.6963007207181076
0.4759219933032617,0.7182543140416524,0.3488264618985406
0.41633607663336236,0.5622580042014407,0.4972416503577734
0.45142642478355643,0.9037011091574135,0.12626156202357228
0.9168319642710115,0.8504643839861058,-0.1816146542535955
0.3393020261515649,0.39359353976099465,0.4262164759507875
0.6518229229591198,0.21140324807851307,0.614058722875986
0.10526436701907804,0.3461975267785524,-1.0572178979863027
0.9897758862390191,0.5871333173222459,0.14214249469967014
0.9206845272087147,0.12145681035893152,0.6689148460664117
0.28170087802750476,0.5523899633815276,0.43778174856812185
0.23765728884217052,0.524682513406255,0.33882671136097
0.7198898909940483,0.0837281978006188,0.6462024554310478
0.7991038915161602,0.8078268740305391,-0.0366537668320337
0.9535698093510528,0.8508309860264895,-0.2059521987501061
0.08482024042802627,0.9379348870913012,0.3534985242752165
0.3994750530875909,0.08873101335631162,0.25935352068082
0.2769591974981852,0.9537027503738851,0.09566041665071556
0.522494204010571,0.1525895716167468,0.523628928244341
0.44405332638481265,0.5190051101649461,0.511825378077012
0.9597546812569017,0.30486322324650594,0.5123139014812732
0.09287086104019149,0.9192244912476284,0.3559686942424574
0.45907831233440266,0.8127126323802092,0.24850857971146567
0.8252642704356047,0.5567718582769061,0.29201209314156973
0.4991702200414341,0.27772917538109954,0.5462463786853412
0.05700936067812501,0.8137755425380583,-0.0998254769805219
0.7139611974684528,0.8089138366869693,0.02871059805281653
0.6673388505467546,0.960902162051317,-0.11344305353218201
0.38689655003611045,0.658336420145007,0.4551034153758427
0.9287128829794342,0.6468752044118332,0.09934408984610049
0.6678220527060198,0.739855595042243,0.1654467637741836
0.8820182416636512,0.45182972075605476,0.38629913383611086
0.6501165144154942,0.6849273418446985,0.25335099715869364
0.7740711616977628,0.5731572641397931,0.30542028860506115
0.7953273255938057,0.7344443252182906,0.07219548881761335
0.43940104599902374,0.4580143096550531,0.5259680770623145
0.25206096150414137,0.1343739720612035,-0.23270494057920876
0.20420372304841694,0.8105150821451371,0.42580807313807306
0.4085279314041955,0.34438099810244927,0.48875103974481976
0.836056590991267,0.2552618951308512,0.5943325459597218
0.2176077272900805,0.4415786381126148,0.16508279474903118
0.5528737603023923,0.46319007439127435,0.5230422202160349
0.7904008574880395,0.5218001874802456,0.3572943344286213
0.017675970842205624,0.6435140963096142,-2.6092265522281557
0.24521123507480425,0.6839436489382835,0.44443925674022955
0.5701659331590959,0.16319507852010084,0.57075766772999
0.7146050068523906,0.9466724253069322,-0.3141177671928801
0.17830955978439456,0.8827400008100914,0.4058384351041084
0.16071724269496934,0.5569740224533749,0.10451274653168065
0.35203773387263926,0.11997227607728789,0.16567523242605603
0.45477202378939774,0.05881445273626029,0.33656875632742694
0.1772079348105713,0.25253857227614984,-0.48909543460418564
0.1823138270413528,0.7763664716150253,0.4144546060237995
0.38946515058416353,0.1885538526497631,0.3453692394239317
0.3492849721400869,0.5781248664671677,0.4885300379658065
0.9460564830800515,0.7413658177544804,-0.047013061735958185
0.21486162474773096,0.6958504802533679,0.4211742313711328
0.3791873736718494,0.9508941215872898,-1.742937477847057
0.9755534902949357,0.9876802310424327,-0.397266269241673
0.29835314341506036,0.39560187216768594,0.35093701140316486
0.9659721918972834,0.16647627781278385,0.6344724194395128
0.7010920144575824,0.648262556261293,0.26190994654216426
0.5519743803933498,0.7179517146638259,0.28926442793230994
0.3302893737283863,0.6551940630466433,0.4693127139048433
0.6943867316829323,0.903021098950961,-0.09581228269055893
0.3135027893164334,0.2799757011814732,0.2603073815547031
0.34768571622079547,0.7468571663621068,0.4106410866712326
0.2944090519938285,0.8956054143662122,0.3042174293975451
0.3512207694362347,0.3036472239280279,0.3758648021698933
0.38325382195534985,0.03405203819562652,0.16431093587053774
0.6973353143367818,0.04068601305877717,-0.9152065717953295
0.9093912273708697,0.8230424717681434,-0.13790417404190072
0.9973102203146795,0.4401211633318083,0.3360639056026871
0.18220622281595988,0.515649000875672,0.1355339686356541
0.8937239266759062,0.5766681691876594,0.22035070184477393
0.03754228131438653,0.27081910046880864,-3.3426195987176164
0.13086485871907771,0.143276121983537,-1.326390810778886
0.6925224246671402,0.4783091265002949,0.4589693556219014
0.2995850814563026,0.9451803140984285,0.19967527399635357
0.30928800823504354,0.24371460220487895,0.2005712584179433
0.09282056820013429,0.10583460517967724,-2.1323085000022157
0.9267790667499228,0.447737869577281,0.36620964892170277
0.23510479017259678,0.34148148146680046,0.07189436655235935
0.9914331137834882,0.8231537231432767,-0.19217597240432951
0.8959105530325381,0.5838007813063204,0.20926278053647301
0.872160439079376,0.46914401367537495,0.37131517878329545
0.31534997533826603,0.9259709789242709,0.23844762332237304
0.4256366996152888,0.3228863962130708,0.4976182088223409
0.9996076256018039,0.4320675259005661,0.34509446564125634
0.7679316826246579,0.7333652287520289,0.09478738902786074
0.3090381009446288,0.07801308855307942,-0.05571016090711735
0.7461764490773699,0.05440970632425712,0.6567934249461829
0.13816392349754014,0.8109917378067125,0.370878363134896
0.9362522942571831,0.15954852617604964,0.6439310586252583
0.46295232983424806,0.9629918180005786,0.03658505502147994
0.43741682096647105,0.8318976995726225,0.24354710345357408
0.3760621183948256,0.14088033667448963,0.26095442812469194
0.6424775953210848,0.032003809814723394,0.5889865471584903
0.22663207324861778,0.6487284630616986,0.4144774506488391
0.27624314075880974,0.9642014101143167,0.2437758219442207
0.6103469925616295,0.9942511201214077,-0.1670977563443157
0.8728499638989956,0.39984756205243854,0.44996855871476993
0.5923126506314187,0.9033678048003335,-0.010505698045586436
0.36138339933961017,0.21963152391946217,0.314313527081453
0.12280330034577747,0.06301056145991346,-1.69525923920183
0.6296614706603416,0.514470305700752,0.45649652303624827
0.19093369941839267,0.30937672047590625,-0.24301519505406674
0.05202149407168577,0.7254502346539815,-0.5343581790425558
0.7462333758338352,0.47092460486277077,0.43898692578220433
0.7703327703748204,0.9505289624929958,-4.8657963088068295
0.8700883127724811,0.4535519920145221,0.3909101270438523
0.5513024376193304,0.4972355386432922,0.5025265694174708
0.4133870731026552,0.07699428194351576,0.27712437316915894
0.23164538448758176,0.36050120601346214,0.08940807352196993
0.4761708050960668,0.37276409682127554,0.543580886789381
0.40154200026592013,0.7284452338878299,0.39238110379215063
0.7980207365217391,0.21338224287262308,0.625458027004862
0.6886174639438878,0.630976948400913,0.2927913450742974
0.061299866201567466,0.5641167185919126,-1.0508916732703846
0.8902129898338285,0.8657846891298748,-0.1852496089610592
0.43016988568997716,0.21453785067967923,0.44207248725871984
0.032007520224132,0.689976262908082,-1.3600306872546213
0.14163276444974604,0.982558653566595,0.3684242323686459
0.8191952813171374,0.2247770146263477,0.6169731896147632
0.2737253801252105,0.5091491904721325,0.39980925444685605
0.6332560652843872,0.6878008020678739,0.26277939428854363
0.300237862140186,0.8981752292087799,0.29535313333432633
0.11603776724907766,0.3646451742504494,-0.8298323877924968
0.202356110680741,0.44361158625925423,0.10192472299180333
0.5509704363515997,0.4534072230857359,0.5287809627443241
0.11658308956907826,0.8369226050819113,0.343827746157222
0.5369381184528349,0.6554958967008978,0.3725997178260461
0.8698566052351187,0.06661995254704822,0.6909861760566262
0.2685551520090943,0.012873280532930687,-0.3746807088539817
0.9547922085011074,0.7735616104115421,-0.098680093883229
0.3161288923607245,0.8969708626822246,0.2801127901623919
0.3280990260745096,0.3921334645941368,0.4066848488926251
0.7038615373746583,0.8967789500979545,-0.094310913961485
0.9143424279938008,0.1332735871179196,0.662679738772628
0.5449514471189335,0.2601490100355095,0.5714964089909551
0.7639892823735375,0.9544003806163726,-0.5662045400835376
0.9191788186148008,0.005223533528315949,0.7165853541947079
0.30574276580024806,0.5488000309483992,0.4618248211779504
0.6144228276031136,0.05496942880502098,0.5661087968550748
0.7117129094415302,0.9503278471648425,-4.20946793159549
0.6053266334072749,0.27713880025545556,0.5922605155397374
0.8625906713786858,0.7870088432215869,-0.0535061914745305
0.5761618027407825,0.39571969955397945,0.5535314974614568
0.796925178496994,0.5651290898157458,0.300185582841648
0.2373026278564927,0.6776672855907356,0.43726692438596143
0.43145306049568155,0.733505502252774,0.3660551113720558
0.8655230009137362,0.3031292700543926,0.5481691179469615
0.08504562783240133,0.08844960013308367,-2.371560584105201
0.7812176628687939,0.6730938677487773,0.16892130095670554
0.4029215530734568,0.9126178333617062,0.1642973895519932
0.3915377361501583,0.07997437859010958,0.2282394410983095
0.7193803732077254,0.2106152199336746,0.6260306411211951
0.8333531281043679,0.22988289294107112,0.6119058668595876
0.2538099074064071,0.37514540221711823,0.20016130128242876
0.05200769168907615,0.6966728474427419,-0.6636709841720828
0.3028482328940316,0.6807660597836915,0.4619477281980742
0.756605893203744,0.4124151802462054,0.4910641728151337
0.07511067059158794,0.3162083311773233,-1.792562623463941
0.8146819426674696,0.20357953214039104,0.6295282972521398
0.8704125592984733,0.8756761474924213,-0.1857576199243759
0.18144946005668483,0.36789896130261746,-0.17368750736315366
0.10709404871224215,0.028349328943237162,-2.0590175687275076
0.52355025138364,0.3697616791647157,0.5585339360103277
0.06751007385343355,0.2528250868428489,-2.2589224118456297
0.3515275897675033,0.5466559258973659,0.4910893647534398
0.9601170765013314,0.1934158282815075,0.6146808840758446
0.6671973252717199,0.6939434835493065,0.22812121604755942
0.006304923916740646,0.37411157777065895,-5.23001871937337
0.32248931090460187,0.04182337118378132,0.4068987793042677
0.27614307422147577,0.4738881509486573,0.3760879557162994
0.3533470321268303,0.5697808396763059,0.490517124772912
0.41694709293880805,0.5687024726451423,0.494552554135947
0.21712655737142572,0.9886318153613094,0.2749553489359134
0.33909032262085725,0.4546174112459107,0.4605667763264497
0.6892552480428801,0.09237563363565415,0.6322410178035297
0.39039662741671,0.5804145811588498,0.49215631302479107
0.9186104523897416,0.43450805286604477,0.3867359016345232
0.2166032732381996,0.8262311414248931,0.420075820464031
0.4657516794311306,0.30054292702580954,0.526575351041048
0.08557996781860777,0.9610907499722261,0.3606561339538306
0.2872358350389438,0.8024053836629569,0.40322384799888905
0.6303302406971152,0.4156963430245175,0.5332845271569627
0.6180281476065761,0.45528729555808334,0.5097394019799648
0.12394473314166565,0.9514247497160002,-3.5017101114129785
0.38643508254418557,0.3043099733604604,0.43794973336195925
0.3637972788400784,0.1789692053762787,0.27457514237484465
0.017815582198689173,0.8335422904615875,-1.2119819294458636
0.24721048008420232,0.2276461712300566,-0.07768240713232737
0.7666694214134796,0.6701608992594318,0.1838715192603209
0.6836420726659926,0.9848873907464977,-0.21081924336188007
0.9165046982494988,0.6975479468295849,0.03602270561141877
0.23220227053893938,0.8413735926830593,0.4065139478700892
0.42508599234819056,0.044157808965178735,0.19721940791520642
0.16438812415252801,0.6976942841186892,0.33146710476733304
0.3403172868269595,0.5482793368553824,0.4858900830194464
0.4354982308604818,0.6845786934309591,0.4105759345486873
0.15624905993219973,0.6194152894260923,0.19529361270628606
0.9380055917689448,0.7921644029106926,-0.11365819633978977
0.3836263571248294,0.8668592684379147,0.2491328081638384
0.9902101353438986,0.30203089513120784,0.5030933225088664
0.6447310888606388,0.7396950114744006,0.18454724864522581
0.6535032326524681,0.0796560834832718,0.6094217585284649
0.4188885774914025,0.23604720243360533,0.4400658179880768
0.9569814729555803,0.1897363117274914,0.6183268526122778
0.7125863047889456,0.1714923719008652,0.6354315385229604
0.869175712944273,0.707093261403529,0.05627649544843466
0.42814198891884114,0.8466063902763806,0.23268918634314745
0.5422018830418449,0.395537309814725,0.5542611210801942
0.05543611087479383,0.8535505833683396,0.007379649458860047
0.3245223521916196,0.2334799149962976,0.23348110199828806
0.5991169882213812,0.3102992228137469,0.583896290308471
0.8824373837012711,0.03254460387090963,0.7000169408764313
0.3334861767200744,0.39034971550297615,0.41452873979089466
0.10714042784537614,0.8404415142649397,0.32027822263400796
0.8258958721379737,0.5718971293286257,0.27217396802229615
0.19160797027299836,0.7877171410959841,0.4232480855551767
0.8793632113498885,0.7495287411486086,-0.011780289506021354
0.7550834378708192,0.23588812749037313,0.6164570760329673
0.21552008135157252,0.4322101720572542,0.1410357135567986
0.0054876189910335604,0.14693147072184998,-5.16833923317548
0.09935306495130614,0.7700230835834591,0.17522740289128727
0.7516839317586964,0.21928675279123078,0.6241525440471719
0.7877254015667587,0.7740856812524942,0.021083492338542644
0.9624851330700305,0.7293847980463276,-0.04117933526868524
0.9919363584394582,0.6178216627697662,0.09750542572138712
0.15575824007174366,0.641136831233922,0.228298416156124
0.23394341311661448,0.20589891330672705,-0.19317863214700268
0.18767578745010716,0.6444486384819934,0.3370940717945417
0.20565466896334517,0.9593359814136818,0.3534854797764078
0.7951255862225769,0.235152357963901,0.6136937854017039
0.9581630354452909,0.12245812034981152,0.6660043193519376
0.11161361518484403,0.5923581206632237,-0.16181491102663698
0.9432223240602422,0.10761856042841089,0.6760239981204703
0.18177577191037875,0.5698671984298975,0.22305621358688504
0.6488453650035765,0.10642524534173348,0.6116665443898781
0.4023246615439553,0.031317527538689216,0.20014242837044727
0.35173369216664574,0.20773950658553664,0.2770700843985056
0.6262277396333595,0.4598767830806024,0.5034523170479029
0.38807412018899246,0.3139613136366767,0.446772367275225
0.7843788127418578,0.46122159619027026,0.4290725908985925
0.9005079933069363,0.45594122136514836,0.37101127678824397
0.697329714780683,0.8798999618531196,-0.06330948985198419
0.5506967919328881,0.9311000376083167,-0.01579318141041564
0.9515038916425443,0.9253250774705764,-0.3055076721112102
0.7141847307532578,0.4898520099070802,0.43649682574640686
0.9043814316441974,0.7546919477012997,-0.037020712742297714
0.7431826955813654,0.8468586014401223,-0.05070492036356137
0.6785998804379796,0.29047339985695253,0.5942660004827627
0.02690592247162571,0.24344692112560373,-4.045399062283897
0.3724659549483963,0.25596030685551063,0.3748253555929073
0.5967154205966609,0.10784595109698736,0.575226012770793
0.1850246778898571,0.5993203196771435,0.2765125054926448
0.9275203774600842,0.12698553413214286,0.6655040874418232
0.8824963047224316,0.23818369710061005,0.5966602771538793
0.93503263796225,0.022989140028316757,0.7134046845935623
0.8145869039781805,0.7168380893462784,0.08265167629697102
0.2746767858462795,0.46572579028210703,0.3658089049282361
0.9284117265666565,0.24102097437052405,0.5829547828533254
0.6674809654772261,0.759005456600976,0.13894348454163258
0.31698377875484685,0.777936745952124,0.4041716181410015
0.12578983874042038,0.11295525220735425,-1.494420466138823
0.7272422603057896,0.3384414365204791,0.5602842435297533
0.3422243965617954,0.8119618916001229,0.3543591096820509
0.4189644340368013,0.3544195011663829,0.5029333426210802
0.437605973583962,0.47300516627797007,0.5233901831363658
0.6274572304363562,0.3392176576001289,0.575049159644639
0.24400837916442253,0.7046589348086122,0.445651346832043
0.7898808303854837,0.5239777417162895,0.3550474142686861
0.6615245802863162,0.416172863540361,0.5238997059895069
0.8070484943216919,0.5989490441563372,0.24977278907721093
0.07823704179576818,0.18987626977507566,-2.198766984645795
0.7528453857071495,0.5365513373812388,0.36328237880663267
0.573553176179919,0.4133111280121423,0.5456865834883031
0.6534605609924177,0.14615717244318638,0.6179980681071177
0.9289147044618394,0.6492134399087133,0.0960520795092889
0.30745713673755737,0.4498321375447091,0.41416152576000176
0.4699889880802496,0.7025066274123102,0.3701434834242305
0.7856503652993428,0.9698725828854193,-0.2587066854989779
0.8301331213925145,0.7022831980499272,0.09185768155771241
0.4608252869232614,0.03181212441359427,0.3419597282426669
0.6558732810794401,0.9014722481608078,-0.06199450746897817
0.8434374821168209,0.5709501543726103,0.2616439380085129
0.26898774059997466,0.9547851486159978,-0.0896751552652925
0.7802426980317284,0.956134426612996,0.20781680234758373
0.6359036361501388,0.7582248163432531,0.16635546921545286
0.3347423234950163,0.7559361363074486,0.4111042042109854
0.6359596241065394,0.6439454393133124,0.31523390744492114
0.22203095763541103,0.8351119790639618,0.4144131943542595
0.7814939421704697,0.6951902760444938,0.13786675230309517
0.009673032913003476,0.817745054031052,-2.150530929866026
0.07818993773733529,0.49113155747690385,-0.9915767488433382
0.3208420146790293,0.9945543804676108,0.13129090485150408
0.1560926384526884,0.9980019231124109,0.3398176226767696
0.3810786263919026,0.9345978174468293,0.1526094316280458
0.41796337212003387,0.25823807057957027,0.45382931505311774
0.4539228481414189,0.47863984206413845,0.5245341211274507
0.4271541420524714,0.7371350357009454,0.36549828637776643
0.7528717554700113,0.39758127474120863,0.5058322025215407
0.44337747865336274,0.17500325215936163,0.4335908840949552
0.4937811579359309,0.9677633940079344,-0.01520387954936398
0.26654383482089183,0.6139378330780092,0.4455637668697631
0.8606071763093387,0.015195259002735328,0.7004473881672663
0.3946293617211283,0.645000151506452,0.46057313379257037
0.25223924342933435,0.6620954665989068,0.4456911234088915
0.6639516669220694,0.2713842304237656,0.6015273210230926
0.12531269518142985,0.03703259937850256,-1.5661656798723151
0.3231613421562317,0.5626110712589437,0.4776382780587062
0.4828677031534855,0.12124320149745971,0.4546849444360497
0.3033270651140205,0.34435676618696365,0.30900388379105614
0.3475827975953921,0.08102305253863917,0.09450162331049432
0.571239747336687,0.5621152728252345,0.44333473290923975
0.42004089140168765,0.42200577725067046,0.5185788336151944
0.5959271075113873,0.347799251849936,0.5720801969460279
0.1794730298772863,0.4340111548366732,-0.03929149876087874
0.9544576031456681,0.957718213342572,-0.1520083982541271
0.18903096996643876,0.08871400378617433,-0.796206177046659
0.07434829235077511,0.35092070073201287,-1.6685440824111286
0.4643268404026172,0.9506635872369072,-5.10188498300812
0.39823312430323377,0.5405557450326469,0.5038443887158665
0.9743916425930961,0.40257666331264563,0.3952939564718241
0.5295984839890964,0.2913747394091427,0.565775315803361
0.47017315541833093,0.2193499089546641,0.4985613426288146
0.5055619314731483,0.19651992312675337,0.5259805123830648
0.041225766631834526,0.23216058185095134,-3.3204768090327703
0.6349840676710721,0.5551076018367047,0.41456721930114265
0.9277834319939311,0.6981955041876904,0.027199730886457704
0.6131511335773054,0.20256917935087182,0.6012653670115611
0.1823445624363219,0.48971154578699183,0.08878491161227907
0.6443659544832382,0.1298040011827718,0.612255316154674
0.5743296215960588,0.18706998379949236,0.5790276585509567
0.957064468277538,0.5189446864920969,0.25670084778320856
0.25971921712537105,0.8596376709295567,0.3747189281254206
0.7890137202119014,0.39855888548830476,0.4899987152485685
0.23599155653408266,0.9142383065606144,0.3423463143308204
0.360227474886594,0.6931363857960721,0.4433841148677673
0.6680635525815211,0.8450351679874321,0.01342534910525572
0.3914857183845316,0.052894191847999816,0.16092038622656846
0.19982734261697344,0.27181921443812174,-0.26742444338958543
0.7252804358097454,0.1536536938530304,0.6417496309618551
0.8514310735478847,0.05831647773499049,0.6916660791241341
0.6391016464841751,0.47888181872505897,0.4831575048068248
0.8062858941248858,0.2411192008142009,0.6087070200978583
0.00882408791343059,0.3523087826827753,-5.073496883194984
0.9809053124229533,0.9252459562513671,-0.3231524396993946
0.8813354869580066,0.8024778731041021,-0.08961220594942212
0.3672609594496462,0.9980708766351003,0.06911594973982152
0.43911643703992576,0.5335570308665597,0.5066581137767676
0.33159615079973714,0.7261950585035173,0.43407513202586845
0.463552456265917,0.7712884868138314,0.2971330552989864
0.3286307050987137,0.6874571461104707,0.45663134192545873
0.22474568662885464,0.3509320171411079,0.040485691787415276
0.009271791085357695,0.8915980956866423,-1.5619948071586176
0.7011554708722714,0.5065858552671575,0.42658340390061833
0.9043813714323856,0.39452245598526237,0.44040987692850797
0.7351498231893275,0.44760904911597943,0.4676526091919515
0.3151048506427332,0.4619914698743459,0.4337232720426202
0.6712332027490566,0.3083214568759661,0.5865611704815757
0.38442484850676517,0.2272793524884944,0.3722557625989029
0.8727447367997675,0.21978705021620182,0.6121756068628382
0.587809086468598,0.41000047501460846,0.5454185113153136
0.009991215546214072,0.46399537362799803,-4.576327094080345
0.6808120716913922,0.546113240874338,0.39680564269160773
0.08578507748047892,0.44629756235003215,-1.0242397346635723
0.5500595137084824,0.6786993634859573,0.3376033053507781
0.5462326069195386,0.004177774967842107,0.4626018343576138
0.8500515423862065,0.4145662758366304,0.44530179622540234
0.05995212206086242,0.4787533823844511,-1.487950044431602
0.8155448746238194,0.9555535036275449,0.4266119785524561
0.42946463843552785,0.391756743974636,0.5203672103244562
0.7139453842822032,0.40127893682700666,0.5175995284928057
0.3255552150104769,0.6458863679658978,0.4721149135537693
0.25407863138038667,0.597905878998587,0.42508173638472146
0.24329105300456055,0.04732266756384185,-0.8617790753990124
0.37403098589029016,0.4491843996834546,0.4923473487785282
0.23947838234341778,0.438771859307281,0.24098698347044883
0.3101833915066635,0.5730610356160598,0.4708572901618554
0.8626779965951233,0.8872869443491744,-0.19718903263312013
0.4547214793431864,0.2859354277830778,0.5119345157946347
0.7432144650656134,0.21044642829776805,0.6276500552491876
0.9876123087986993,0.36483652931624677,0.4337676014828382
0.047931084907073984,0.9132730526750842,0.09308863728600407
0.6412267195325485,0.09327167075437115,0.6043386273494818
0.8065454325260739,0.09862635721012414,0.6707827043749169
0.862024950762333,0.2656526203269106,0.580281283367205
0.2236051519500667,0.021861594307341803,-0.6572444592934964
0.7442818034620471,0.6459087206881525,0.23305917558770176
0.9049679122174314,0.9630613655661293,-0.30629093917450223
0.6525245204848377,0.7956540793769032,0.09916126861573189
0.3972713641896364,0.42650422488339346,0.504777187258161
0.8376055554556919,0.5867321450584873,0.24495175636120986
0.6198072920814321,0.5528728468985353,0.42554374160601677
0.09476211652484512,0.06456867548353185,-2.2262046031309537
0.07929109699615722,0.2654284992164674,-1.8890044774588428
0.726736023909133,0.5243401903113317,0.3930180739573364
0.882439687665459,0.5636226530912805,0.24527549443297308
0.6695360229326869,0.24287246942865648,0.6109005638646828
0.781387491251404,0.10625329775056946,0.6639088589118073
0.45821185585249524,0.40505746002112564,0.5359318442920907
0.004798183260764977,0.9728989420333911,-1.568444134914537
0.5584601558537877,0.7046957171809789,0.3003574972133722
0.9067136892396185,0.2097297651265998,0.6130574134620532
0.24784018585083245,0.13693241796207423,-0.25192143749036766
0.4478381551940125,0.9897080367771611,-0.006332342281944177
0.892248510876821,0.3791862464517449,0.4630006639351147
0.5015662221601831,0.3143694408585601,0.5531451183486286
0.18367219330106654,0.9063922285573511,0.3910934713972246
0.6925413578854104,0.8208258215106938,0.028598699701345005
0.3467850474095734,0.9776633275675511,0.12733599176024263
0.99283067181858,0.519578955798118,0.2335331823902934
0.958361604866,0.07495827052963255,0.6937698400221652
0.5458409410462963,0.17296286339594757,0.5542251138222833
0.8166912471471772,0.027546776426525255,0.6853356139494566
0.8697406943462563,0.09346145950580143,0.6811243178100199
0.025620723695020775,0.7476647658766055,-1.3169489451071326
0.4025628263638328,0.7451688014611786,0.37551769820610764
0.42858180068879637,0.21474827655354978,0.4397748720803976
0.09955852779591667,0.25727602205384403,-1.4780667735937032
0.5491064303699612,0.654506817468961,0.3652341320164674
0.15697106361821023,0.845582702680229,0.40816064614952763
0.270752443467715,0.427286740755097,0.31792896917139574
0.27353839397849633,0.1573239136551735,-0.07752851614075859
0.9497814336300706,0.10777040234539681,0.6754473363316343
0.975541146916248,0.7293536772331412,-0.0500013730370186
0.4209579314456394,0.9023951867195338,0.15992373680479216
0.7035777893309646,0.28777296176425593,0.5941752550754128
0.4951359294737704,0.5343266317999189,0.4959396590332503
0.8000973665249236,0.15686427763519117,0.6512988155655044
0.05743291155161134,0.7378042065552053,-0.37385671623709754
0.34320017313672135,0.08969532509440392,0.09408808062765675
0.3264756718836057,0.335359528493687,0.354088233447529
0.46227687824833297,0.14832297693212226,0.4433139919976899
0.21044012648470733,0.38157502373335184,0.026890271000837396
0.31196030494522853,0.8178872630227215,0.3727696163330504
0.819571947600001,0.0919135447357714,0.6749113323360392
0.5748902360255984,0.13632943215092985,0.5665351973620805
0.27374385502346443,0.41657712243460043,0.31375657297052273
0.6284442818581644,0.6136372170601196,0.355922165345592
0.08621845216838642,0.7426869979888953,0.014605202504791519
0.7615661017000817,0.2426395538852011,0.6126515626448825
0.2688556540285416,0.7862042006992366,0.4234077276627054
0.5953543920639551,0.35827679696988113,0.5681741518240575
0.5231728490122395,0.9376141752361515,-0.00021288002091052484
0.4333758306690635,0.6975087392672141,0.4001767734123674
0.2055764127544476,0.7472229396382015,0.4270633254353533
0.18083811408837858,0.936419126149273,0.37040559400861994
0.61396833316074,0.5677025682491309,0.4141694185344383
0.7988589182840563,0.638222880792509,0.20339847072060457
0.6064096144640266,0.7479296310798995,0.20533087981054693
0.03900095872133713,0.4225286488367185,-2.5572139005961345
0.876047430384317,0.010254793853109012,0.7054471263228801
0.7265178758808116,0.909244786817703,-0.13117248014231891
0.1202699446857941,0.9096973178118626,0.3914496415541329
0.5692047514959864,0.5417083611102772,0.4620294498571204
0.008274038447449228,0.6038642566609902,-4.070767832440413
0.31481948728624254,0.5721656925824291,0.4737155879151595
0.9028640445509959,0.45431577081621977,0.3716368289465047
0.5015733389046447,0.570385612899219,0.469594550628577
0.34028172492210107,0.13037377617275792,0.14315582692374587
0.5370944873183743,0.9072660055045931,0.035774183319177436
0.8858589696775147,0.16392093408727781,0.6465819189244804
0.6197821308830502,0.7476329613885616,0.19447707067690825
0.8692144625844783,0.18391380169107552,0.6360911562722654
0.04716936996566812,0.2769187963770431,-2.8753588548902456
0.15832230443905926,0.923149381670941,0.3938192264221859
0.9964235664786834,0.37942347509062335,0.412113744115812
0.23506330025970656,0.8623808155328972,0.39029080628735335
0.697919919646487,0.30694292709176674,0.5848160877852127
0.9740116332330114,0.16967969656077675,0.6306081104217087
0.2153460597370539,0.42942929536810237,0.13564606488242892
0.36734876438523056,0.6911668469461983,0.44169917409086196
0.7128238902327042,0.7789176211596782,0.07326516118165953
0.40323812579643115,0.774936341632272,0.3438385050808603
0.3679370464296583,0.8466586766865625,0.2913237715582045
0.9464737163016611,0.2707797059920175,0.5507429799946925
0.45039088052534615,0.6810744292547535,0.40456162091563735
0.8837197095771412,0.6975835287674427,0.05927665117033413
0.1161176542452177,0.8012911534976571,0.30347614019420427
0.15817921601820617,0.21765801699557086,-0.7657572529343034
0.612070057375953,0.3381408447071105,0.5758261149952582
0.01700273241744854,0.5099209471500601,-3.5524182061393157
0.4307589526107015,0.1569768965167907,0.39740385382107096
0.8515179122701556,0.3866054829900879,0.474008456690976
0.5218625737469229,0.4378962054754474,0.5391911345832655
0.36646200836772236,0.7285963190087965,0.4144436087703889
0.978823279890461,0.3661041328707846,0.436486033952218
0.01520690877496278,0.2624939575591315,-4.789658577945488
0.4835259415466734,0.09483613963075332,0.4356487156996009
0.23269709647388215,0.3088012043552575,0.0017491118658591457
0.544720074687633,0.6489377991282583,0.3742429720551286
0.7525608927381916,0.6578002879904176,0.21104252701544607
0.1557752474620927,0.007417817945474803,-1.3603153644803372
0.8082422989076329,0.4937628467068351,0.3794176899622633
0.23485031745978058,0.18015881811707224,-0.2406681065839122
0.1602000440490683,0.2542135354660121,-0.6436997801878851
0.13021673479827522,0.5033623755538018,-0.23676811247144908
0.8131995967052693,0.708948890338132,0.09489733271083489
0.6418094614391829,0.7462260511604689,0.17805527823713616
0.6624474274834672,0.5045567528717214,0.44919451476919753
0.9616663553741969,0.8548017636122883,-0.21656203015119568
0.7418849667453409,0.2666061391736593,0.6017734955662533
0.629225966652138,0.792132973155237,0.1241102965293388
0.9625607401553798,0.9328595476508729,-0.32452697817965875
0.6239779631181366,0.1796011582197915,0.6055966829600907
0.5499254170478532,0.9346142578720673,-0.024949118766496015
0.78555642755778,0.7383566435563472,0.07408960962170727
0.16900912734406692,0.020521980519401795,-1.1692495926165505
0.7983614769065162,0.16237200495129234,0.6490386724998332
0.39807933960516284,0.988617899934632,0.04951000206834671
0.09542156674159319,0.59086393624534,-0.34167361723998274
0.16124352477930348,0.07789794371952641,-1.114344395375781
0.9859848876859179,0.4940939948681825,0.2720313891308147
0.675606613021432,0.3809498420353943,0.544503360419242
0.7691633125201042,0.5721055962093431,0.31001696911514875
0.2050436350397542,0.12116288416294418,-0.5791286982728281
0.6551369181576525,0.7092738516559847,0.21729910525560198
0.6405843016368471,0.017954693584100845,0.5804212991442503
0.37105133907302423,0.6006831365464252,0.48592385748653466
0.4010103177708485,0.7520959940485298,0.3696951063067467
0.05413696230733789,0.5803166692615197,-1.164789808993334
0.6857360150112093,0.6284051415978388,0.2982391073588081
0.34074746263505673,0.4003894023400738,0.43292208594165743
0.7168825662855145,0.7189215251839806,0.15508147734132513
0.9446319147471529,0.9914884535424704,-0.3862681078275749
0.3996019362436505,0.6088591952907569,0.479066023170799
0.5099317201349448,0.41148300501716106,0.547395018834001
0.7340229060869146,0.5045884267139709,0.41025135800335133
0.6454354760865562,0.24767742235098755,0.6060650306547807
0.06359938628161621,0.9214187790318071,0.24603297423986456
0.6610923098823712,0.5918444269355331,0.35872988204588474
0.5132358983874952,0.9223922249564768,0.03512963639603993
0.9160904304725496,0.34922395896338754,0.4841030980238668
0.8854457963940049,0.9260107137690665,-0.2682401005087578
0.38317547291382337,0.7409940779893195,0.39315783039662566
0.7992329566792383,0.30114026730976096,0.5692833898790118
0.8581872814048657,0.3498732879393971,0.5077086893508622
0.20766610923799533,0.6042217807625985,0.34613773688353333
0.4449697338734653,0.5520881081453567,0.4979119633143079
0.41433911811862556,0.12136593866024126,0.3305595877219766
0.7598985435760753,0.23904880595594724,0.6146679052172721
0.43926515250113696,0.3877488157169634,0.525846989561069
0.7625668261097317,0.20520379302614733,0.6303334788236091
0.2678578657329823,0.9985440271309023,0.19307058527403703
0.8018789478044829,0.9005398301827882,-0.17456244229917756
0.7320789734661127,0.39585514972162283,0.5153642277583881
0.5581598127759164,0.4759508683984013,0.514173059323922
0.6094648374985816,0.5975420929212288,0.3861256012490261
0.020168324766599133,0.3991740899910219,-3.8651832912602626
0.8629556846310024,0.9879236619614201,-0.33465290555724675
0.3232462829802156,0.018978836929632203,-0.0919059977747167
0.1938629384203221,0.19894245509911956,-0.483629972572064
0.5606255211494927,0.2640210838915735,0.5791360768162982
0.3649511345329114,0.5531958355421265,0.495411254045052
0.9928361332328237,0.685558750363241,0.0007005904785807394
0.0373254558684043,0.3144161696644482,-3.1649318184409605
0.11454202839838534,0.7396083599759451,0.20277418447612716
0.5702165894349627,0.15788865047611256,0.5692988749798562
0.03183408545793753,0.42436546648141027,-2.9277229267541487
0.5123050231115333,0.19969792197224112,0.533802610331819
0.2534823789520849,0.28726753176895026,0.059552132178078386
0.5751847396983264,0.317375158242038,0.5785146749812906
0.2887652219048421,0.7070285490204116,0.45428998335825976
0.9008820763037584,0.20823445754737757,0.6152601144573147
0.6023349177585037,0.6285892879273648,0.35694768351320066
0.9686486025329082,0.33898333975002126,0.47200605268005974
0.36958170095421206,0.4969613025859988,0.4975836912606699
0.7768210454252334,0.5365301617306478,0.34828134751354306
0.6815014333020186,0.4638861571585907,0.4774436055673061
0.9045660952302484,0.3525433467864224,0.48563175839149103
0.10289698978777861,0.5838324641039947,-0.2764864545573322
0.6142366001632644,0.38532161135776366,0.5543605899420534
0.3564867559302667,0.07502883115635495,0.11594696224787575
0.8768515371782853,0.04826285280892684,0.7118305919192517
0.5049510387641304,0.9210335804050079,0.04467597150561077
0.7630768948411623,0.8651895277003835,-0.0930311961519767
0.3698645059911774,0.37854104345234285,0.4602031717722783
0.504935422273859,0.0837974201924705,0.4597063290301964
0.5761973551144347,0.8671200496999294,0.06044438363763384
0.3989581949373383,0.3255768466179384,0.46847084492690527
0.9161551491689999,0.6331714709319173,0.12717143423055
0.32853943767566707,0.22199592378094235,0.23054732097070296
0.19873353070259736,0.6556454349910099,0.3724888893399003
0.5429465825317751,0.8350302475315955,0.13923094158761318
0.593521255286098,0.694129538043824,0.2857012644495917
0.16169480903261702,0.28340222139246607,-0.5487047834842281
0.541857037855197,0.8569955017640237,0.10801661186642708
0.14695582622377912,0.16043771517402994,-1.0580285913655958
0.3286498972653814,0.2033107712432206,0.20642128976191304
0.33867722145915835,0.9504223426506451,-4.336544944260734
0.27800443658838037,0.3640220077429315,0.2630135758819607
0.8299701534890862,0.6945933021544206,0.10230900357611575
0.009759962191760563,0.18121020667457766,-5.259481698351941
0.3117615248127221,0.13619599111731429,0.05054366066546946
0.632537781518771,0.24966523239229366,0.6031411407489514
0.845429032747678,0.34466887332010665,0.5176327324175874
0.40355753416687723,0.31877427852099005,0.47058782111954367
0.37486683795891906,0.11309951717990196,0.22448780094829082
0.5428320981433337,0.10408040039742972,0.5218377077021236
0.89152679536035,0.30337959731082054,0.5390564840559973
0.20697911363963206,0.495283180649575,0.20704207614776596
0.2220556579352747,0.1661758208537477,-0.3517956618374402
0.18700713081773024,0.5637866475893573,0.23399545384937206
0.7120347943106026,0.7596401619749661,0.1016137645073669
0.9301407837153003,0.48837014548657975,0.31328781235161807
0.38148433846459673,0.338938345289614,0.45306769192648394
0.4437710332623681,0.9109731739449866,0.12350328203627686
0.5222891138846134,0.9343844931470799,0.0005290288896137093
0.19929993587502848,0.14965559080691326,-0.5581577323910579
0.34027252646408623,0.8365879476051671,0.32933573146283085
0.3380278389950272,0.9850831721999891,0.12579676467179732
0.5073982583967785,0.08780335101437042,0.4666460736377694
0.724031025205453,0.15897763194081593,0.640417889267924
0.5327633668405454,0.3373148703504786,0.5654665277828083
0.8143722412620757,0.5871566488333924,0.26022200428183695
0.56584816133561,0.2123206486081658,0.5778755744888047
0.2664672028797731,0.32760968229824017,0.17522700352527062
0.01324902090251856,0.20079064123981694,-5.061787524766621
0.8783525901264951,0.7304539433095072,0.01626272057757503
0.3307994525349406,0.5832248815529614,0.48228812304722446
0.12581428308724585,0.9919673535920092,0.3736197219699189
0.43181990931442826,0.10341590321574379,0.34969213788795245
0.9963424102385926,0.8915175542329271,-0.28800208202701716
0.1268540839893424,0.6502599246429507,0.0984493003761814
0.7820235177478728,0.19624653471728726,0.6343214378411637
0.06621505363642854,0.5978351209986515,-0.7871274431858953
0.4278594319940311,0.008971137070284962,0.2379892401745517
0.042587745856784154,0.07164541922930123,-3.798909403875407
0.7438210884302949,0.6455981599073363,0.23380989323250911
0.1957002392118251,0.9665883530865204,0.3309943618410351
0.502520715512733,0.35836948063580887,0.5541355241549013
0.1807411706604103,0.7793765834914589,0.41382285239767763
0.798981058205735,0.1542899304696198,0.6522332184008083
0.26124640991481807,0.9355479290888292,0.2878110175838226
0.9503633752926703,0.1922751630968722,0.6176087632691672
0.07728392216280455,0.6139160940641915,-0.5167687113527313
0.5551588629598472,0.9809597491887111,-0.09716510063692363
0.8731384429517768,0.07756349434332621,0.6872385109443079
0.610850327731562,0.9997677161638496,-0.1763532809881714
0.06069338841709149,0.14532782023387392,-2.8757643238276542
0.4512185205766617,0.8608224483166215,0.19010350303046034
0.10512498106897739,0.3028645928482002,-1.2143939900519682
0.992334605222972,0.793458861812039,-0.15139359124814114
0.9401720273302298,0.9021576646120912,-0.2681003932957947
0.08179449035601438,0.5276953579894947,-0.7749955986047857
0.8069434742257988,0.33102318216797655,0.5433385596073773
0.4446847159386278,0.892649440457184,0.15028772979050284
0.10577000683834659,0.44461595972716983,-0.701417506709568
0.2008733332628927,0.8607820531056218,0.4089479771794206
0.46941079107463124,0.11375172800372291,0.427302255132788
0.009175128301939783,0.3634965719751858,-5.015362149010342
0.3525660327774597,0.7128133197183245,0.433601093228894
0.7603624189399681,0.36297558941196173,0.5325086311443891
0.09963916224310976,0.649701114867882,-0.11465744688700083
0.34786725049074996,0.7834557338435406,0.3783999018202834
0.8305567864233651,0.34467338787253754,0.5232448759792605
0.2707506240352332,0.8549675363580062,0.37031287341270175
0.06563364933370153,0.43134973248390884,-1.5476997383373965
0.45421954966873945,0.508617099532291,0.5152144062515179
