X1,X2,X3,X4,target
1.567102818930866,0.025921812256570753,0.358182609423803,0.31988195048464707,-0.032676357627480765
1.6024557796465904,0.310211857681874,0.6279885678420041,1.9058564703117014,-0.032676086028801586
0.655095659092666,1.551886169513666,0.6440965358322077,1.3661412851281622,-0.03268268802522714
1.5352868666110033,1.1627978609852803,1.1529600382925593,0.6232031619093696,-0.032687230729775696
1.4600637205126732,1.6412490705957603,1.9069360573357272,0.11129897498414221,-0.032680663148177434
0.1753530195518589,0.2880674037179527,0.3258229513270887,0.34107849248746636,-0.032676330109989424
0.7701985451509967,0.8185740189461148,0.21230499939902603,0.5969304673497264,-0.032675935867944386
0.36069615608043226,0.04111586621166774,0.5403654519260046,1.357550595932682,-0.03267618976365977
1.4109901572100831,1.329891513986889,1.9044498343946559,0.338288650211356,-0.03143378632666779
0.4999134572303101,1.4854536950871178,0.13970991431524182,0.4179193295263184,-0.03267565473246402
0.48343880556406993,0.7119851900177412,1.4315639843436592,1.4413377242385101,-0.03268220764398779
1.7098312462016303,0.7136036302529021,0.13634553701064078,0.21565515046518202,-0.032675354543296016
0.9590769983185063,0.7651734391219083,1.7281826077787494,0.22260492197080772,-0.03268700380042749
0.9718564502204572,1.712682292973257,1.4576310427771402,0.23351971131946958,-0.03267249790358832
0.8819453064788776,1.3884579838296183,0.6728350011733346,1.3980216633872498,-0.032681791661144176
0.40888894335426307,1.0811105031244006,1.2684404052328686,0.35916463599702,-0.032686804219918236
1.8137329233591324,1.162472266641888,1.1401933323360571,0.9471558698479059,-0.032687091194271746
0.6421149510826512,1.273990418210917,0.4498338886304516,1.6880974576880254,-0.03267881342894944
0.9580344302098087,1.3092120332950556,0.6342839882987639,0.14218166438163538,-0.03268075847192096
0.5718987461793301,1.7441347472586335,1.685553098789029,1.6446844829706027,-0.03266636315616417
1.9213681843540231,1.4777952011446314,1.1998407565092983,1.8971191469306026,-0.03269295689619838
1.4066378267154243,1.0270929069012458,0.7343278744545907,0.023789223593491116,-0.03267955506162621
1.5150448382477093,0.9067842336347078,1.8896947760521183,1.169007853804894,-0.03269186028483962
0.43345680916059703,0.47070512844299794,0.812807205568675,0.8337806462566668,-0.03267629509064023
1.4753459158008222,1.4461723020550334,1.557380184129237,0.7723629611662977,-0.03270170337664122
0.01853934869646645,1.6121489751373625,1.778705923752429,0.12242701414438795,-0.03264538092493204
1.7435723405120702,1.997428360590104,1.797002958783124,1.0662003964539501,-0.032695009602123314
0.7875800661100187,1.8777889624297388,1.8030555119355303,1.528612765741691,-0.03268800832266643
0.9223011806359047,1.9595508825159356,0.6849391082687359,0.1198649227416031,-0.03268695431766283
1.298358874644609,0.39250457756123547,1.7742950226448253,1.0953896663436187,-0.03267973201478946
1.4539489328976167,1.3670307783864102,1.2215015520310155,0.9471360375865086,-0.032691225478498676
1.4801311927682799,1.2793660292102091,1.0235953188284745,1.421880822587619,-0.03268656570456157
1.3395378982030268,1.2942689238515914,0.5867783348485118,1.866007864071263,-0.03268018523953968
0.09366994254815109,0.36644675384500536,0.6473396624329344,1.8972222629663722,-0.03267613104616392
1.9789330122620459,0.1982356770155771,1.5821278517978545,0.9866266411982363,-0.03267851932325635
0.2793045711528299,0.9463956402567493,0.08551727129235553,1.9673229919134312,-0.0326754037334243
0.8345825837631122,1.5620015561900293,0.44512454860825135,1.5434930841674142,-0.032679952170231674
0.8435638144046254,1.082788678874252,0.07796252960601491,1.7444429279036837,-0.032675476901920866
0.16324335920375943,1.7887056039007876,1.678467942723611,1.3658921584156598,-0.032672346245840915
1.0471595249672891,0.911293548447393,1.7259995471466028,1.8475678075469362,-0.03269013807254567
0.49791556204265675,1.2400882035414804,0.4653498305541104,0.5921260644501609,-0.03267882001375177
0.32034699262873434,1.1366921902079177,0.6402079076200695,0.8481936946170308,-0.03267964141339078
1.5715354298429038,1.0025271208893052,0.7506659312726505,1.923480003100934,-0.032679488440449496
1.2304395126421255,0.47450945723508764,1.3302989445846227,0.6824892774905962,-0.0326780864710155
0.40793196355028205,1.020980584918108,1.7368522822591994,0.9768224668839947,-0.032692820151542505
1.294253146940361,1.5172315844679782,0.9054812223633661,0.16212100247260963,-0.03268700510190183
1.8939563637131418,0.6642696494724709,0.18218637294630002,0.9649069092962879,-0.03267562454686288
0.1087879355531145,1.7967396657432373,0.23223770549029288,0.7177983031403647,-0.032677265138269775
1.0792969567658708,1.094686418422175,0.5407829692700412,1.469421206597011,-0.03267874492358545
0.7901752254390058,1.8877865529276596,1.7487198968447035,0.29701787140085245,-0.032686133185514964
1.4973133763056992,1.7762479056450244,0.1797288331073721,1.3335808621002774,-0.03267636328260115
1.887689335497917,0.6216589104312675,1.3220996128879903,1.8553469727378913,-0.03267995553977935
0.7826704102743169,0.23313384609312604,0.8945912788847756,0.9553408376729906,-0.032675710347449996
0.7762193512585183,0.25081422608337367,1.1749482722946625,1.6528973389371713,-0.03267759824564191
0.0895941540641314,1.034800751128034,1.761905865783698,1.0256914788983873,-0.032693228072888006
0.2154630786139209,0.057299187756291836,1.8024825708106071,1.4407169806409925,-0.032675978779391615
0.5806223252551788,1.458593070210497,1.424972724621763,0.33264406022393667,-0.03269739958561964
1.984571221086947,0.24131029542850002,0.8612472595273017,0.3904387074174678,-0.03267558620818833
1.321053675770207,1.7309795972722841,0.10774941914876068,1.3011031930218961,-0.03267555043566535
1.800304055379261,0.23307388530876572,0.2695739095175216,1.5593326504172706,-0.0326760706772225
1.4710375409856882,1.7788317256104362,1.6909030047320681,0.5548280864554385,-0.032672548253771146
0.6437619406545858,1.3748714841407434,1.7123847341549727,0.7632540244899282,-0.032701799637203495
1.6613567686100503,0.1786225488440285,0.5130645750653031,0.39304325174461874,-0.032676316676428036
1.0512633628501353,1.3074853187260331,0.2112522440278164,1.6205519295459638,-0.032676314341582684
1.7655481960973076,0.9292014339780161,1.8800459499803137,1.5812010297004884,-0.03269183598196107
1.542848832964015,1.7707015706009737,0.38200615417381467,0.12459560022336569,-0.032679829190515215
0.20127079855712604,0.48626005238308,0.33518732339305046,0.11610654440475754,-0.03267647951786169
0.07552471100873093,1.7590616858300687,1.9726277201701063,1.1866631016059113,-0.03181933056558189
0.20333514913305017,0.05603437105783593,1.5216189550716295,1.4160180531649336,-0.03267701561263797
0.0966487903604265,1.929782633163051,0.6514535616485864,0.8936836150413281,-0.03268594075680585
0.023877636351485876,0.2593244311538343,0.7906461087980159,0.9383155346454977,-0.03267554120818783
0.6126144455542528,0.5494253586783284,0.2856246386006842,0.9339421800039645,-0.032676291731808874
1.967129445836428,0.20419419818103335,1.0113101456704603,0.2686357852783787,-0.03267665783467091
1.0025695302756599,1.682771192602092,0.13805135912926825,1.5517757093768352,-0.03267574845934616
1.823320096481808,0.44546602867262086,1.0124790736857168,0.9197833694931818,-0.032677748930327134
1.1142164448336829,1.0393092343486792,1.020926534005142,0.7430055350615448,-0.032683524259036784
0.9466682367304899,1.286130657190596,0.1936998489250339,0.874657764656966,-0.03267608970646717
0.41310408584352953,1.5551274041269962,0.6070042217184355,0.8325354669066971,-0.032682169499060436
1.598284729222004,1.436645405341766,1.7947364695496137,0.7245154573033121,-0.032511487788521434
0.6279906629309688,0.3088228409270162,1.7086289443759082,1.3533567960274413,-0.03267985065348505
0.13041505395371478,1.3713319767769956,1.566415875162295,0.34829101835331056,-0.03269972862558332
1.854369038895666,1.0193102839827737,1.9951817438241326,1.0422309239810006,-0.03268777604500621
0.4084431059977047,0.5957176285379224,0.5275139606325217,1.8409697762364043,-0.03267691176467529
1.4686883850931132,0.8143946923094694,1.760466485087646,1.1325910244929778,-0.032687893022444764
0.3996569678459043,0.7906918318134943,0.1259366496440657,0.9250961081917748,-0.03267533260489775
0.37239261648621724,1.5885541038703461,0.6028238015682215,0.46813898229130313,-0.0326823479483949
0.8196930596457392,1.0575212538824974,0.3103746931439946,1.0895841390076746,-0.032677032058156884
1.8477007205123452,1.1581741283278588,1.7166247233119625,1.8836115224839551,-0.03269659884882722
1.7080365760953304,0.5147418428977104,0.37634167621758574,0.6729882881181946,-0.03267663550017142
0.2887397207558282,0.8749335912716625,0.531774622830842,1.0522972924847271,-0.03267777973105977
1.334720675312435,1.9178426929208916,0.7037730635211898,1.2567428966158896,-0.032686987318885356
0.6874401896405848,1.0347597199943568,1.440566810756587,0.06993557766137481,-0.03268810425210999
1.460804409236188,0.680514588292626,1.6563320991845911,0.5737601982565328,-0.03268525370998186
0.9850107793313048,0.6073992313335743,1.371935050104148,0.9739770771493934,-0.032679943119455705
0.10099709132681856,1.632556463325163,0.2504373894280132,1.3771432884343378,-0.03267728979400671
1.151049187726171,0.2951680821307676,0.30214575692133394,1.6067378169489195,-0.03267624256083321
0.4718560507088818,0.3883140872017308,1.7807049921201465,0.2941004229630646,-0.03267952486274007
1.8363658573723862,0.49709695605171866,1.1915315584817467,1.8977300381111284,-0.0326791248945652
1.841323421551047,0.17893291905028796,0.4895699622201368,1.9655219495649523,-0.03267636934722658
1.182761709378634,1.1887163706297172,1.9691501091030639,0.40216926510081996,-0.03267156053905876
1.7202482636009602,1.789998188893808,1.9337419548850512,0.8170807749569247,-0.03269663953889178
0.026599954688964145,0.5340773428254459,1.1790524750806455,1.619264523945305,-0.03267953464179958
1.5874724020141302,1.7828674239710918,1.1316555612675885,0.01858434040151935,-0.03269771998412439
1.7494363884370434,1.4454225454530536,1.4210860813319368,0.8692613157892872,-0.032696905150142744
0.5492570158788845,1.6312755592498007,1.9137242988385474,1.1399098381423634,-0.03268149086825196
1.707850623229846,1.978767318553008,1.4839042804751308,0.9476876245633852,-0.03266389655526411
0.48841029164806815,0.006243899125824459,1.7298696189896112,0.40213705987486814,-0.03267797549390627
0.27996109897812516,0.32626348657110693,0.3991209552252839,1.3621429692970155,-0.03267651002205353
0.3319027294996342,1.5258962472382243,0.6426911660347212,0.3353073181491453,-0.032682465178770055
1.5725400222460486,0.8262329799956756,1.809633450905063,1.7541028692907195,-0.03268788578416932
0.5771360737651205,1.6233024581954036,1.5474564443898766,1.3207751665058876,-0.03259974168643778
1.2611425034785235,1.1698755557691667,1.9467060033552892,1.3959350493521268,-0.03224524923545672
0.518934608551753,0.12233953722418467,0.44759655518915675,0.9118167598738418,-0.03267640839520721
1.7394995898090897,1.5188753585287846,0.08481081542635116,1.2737288752219553,-0.032675495682441845
0.8025792219635537,0.45480190375515184,0.20325155446538834,0.7479454112888382,-0.03267571106536457
1.336100013765069,1.884036251960749,1.868596863331991,1.9975625846909102,-0.032692315223354446
1.255133773106066,1.8435233999077663,0.017073338386586645,0.8429503829111245,-0.03267686644713533
0.5677529448093628,1.3711054887329879,1.071600633592642,1.7291058640815982,-0.03268885436823829
1.787359611883659,1.725329286087641,1.7907012966957072,1.1716064962929904,-0.0326748116327877
1.9152350509084557,0.4395179008421035,0.5636777699622473,0.8238760963201999,-0.03267651583998798
0.35230276449366627,1.8797858353629968,1.3892158719039196,0.6494891490453378,0.8598553141816558
1.2897471182289122,0.1444877950832546,1.3907819495358704,1.854567956711389,-0.03267554266486326
0.31924943549945795,1.8886003002598475,0.7139199181711262,1.8227615060747495,-0.03268693177923024
1.2392077263187393,1.355601563670054,1.648592903498566,0.8467396313910951,-0.03270172535470207
1.6362836184421026,1.4567307939066383,0.7066548570089373,1.5623620882070197,-0.03268281396304804
1.783047018429539,1.6818164439652437,0.08452856071164128,0.10731730425740804,-0.032675530439142356
0.5026743839588086,1.8343371725720952,1.8872325629443596,1.5137661841226793,-0.032691068999303505
0.2710631618719219,0.838332390683453,1.1566972651365919,1.6868776397288676,-0.03268290157932825
1.4924645842281345,1.034480536190796,1.20741928790924,0.9180999595701733,-0.032685743441491846
0.8653117703371442,0.13771869246028756,0.7711065682783571,1.988222787237521,-0.032675365678045874
0.7597364302288809,1.9852735063210747,0.41829231630984576,0.43305456522333374,-0.032681428311849434
0.0021190844124974184,0.3188360819270284,0.6327815441527604,0.7130561952177714,-0.03267608431882723
0.4563168710640635,1.4305567329793774,0.9371301268389023,0.6244840451318829,-0.03268662764230583
1.3342297641095908,0.6710156430499925,0.43686148339801933,0.747607683370304,-0.032676999382433625
1.6324418074445446,1.6181401120804952,0.0299144430169489,0.40751482827066643,-0.03267643668692966
0.3680817371904037,0.7886178202868606,0.4864509891019031,0.08884887400766761,-0.03267738189219826
0.18476663831680784,0.952936892916481,0.2934136623663057,0.44380012458191365,-0.03267673826487757
0.9083890388449163,1.3031456120457883,0.790740102835229,0.8256168559613974,-0.0326825911688636
1.130759234391527,0.9869999887952694,1.7373380769254054,1.8805347869287712,-0.03269195515878356
0.23138216369782594,0.3536465779694069,0.08029157921103836,1.3434284515309391,-0.03267540452261352
1.1157489692324989,1.9125699639095664,1.0048682439415477,1.4291908945862255,-0.032695623711084476
1.566000836806951,0.11752052301217031,1.137914568782808,1.5183949447728107,-0.032677447379301956
1.6773697976185094,1.691027941692045,0.027447260146578056,0.5903854532784405,-0.032676515437119344
0.8362034281113193,0.43532619478859025,1.4028934004535218,1.8704175578201234,-0.0326779014695875
0.2892791901599132,0.35002243583460513,1.0828643512442486,0.5217488230302543,-0.03267801718338216
0.08233714386220958,0.4183988866323285,0.519403842993521,0.8580471278634121,-0.0326765610124902
0.28673903352940555,0.5477941647941953,1.6503054326711188,1.2133275343156433,-0.03268302677330082
0.005072096381441682,1.5114582759100923,1.709170533033922,1.5354259477785623,31.594082171208267
1.3022737985294237,1.0712092060940717,1.4469871369902578,0.416408538264992,-0.03268893557955913
0.5692926224298933,1.085850462116544,0.6424147872505332,1.6793146406431212,-0.03267932959480475
1.261940007853132,0.005075029258232222,0.8320380138847681,1.7239413242532633,-0.032675255958513685
0.5889176852330054,0.039764343921746104,0.26789089420935586,0.4862462397636216,-0.032676039636863094
0.048164165670751435,0.8869715500733788,1.576015719483587,1.3096555437836086,-0.03268794865308941
1.768511000531296,0.33385159118044316,1.2717733526733297,1.2705429597200197,-0.032677068348168976
0.09267474088046201,1.3049592834460542,0.5670855367220455,0.2514567623351234,-0.03268005897304659
1.6847279628312406,1.038510815449985,0.08509935070315122,1.9336196871561702,-0.0326754174210948
1.8330549096806674,0.6574293042502979,1.1780719488526759,1.4215847515920923,-0.03268079568063027
1.8173662105657915,1.650986193637878,1.8474593134838764,0.5317917449706715,-0.032669960480890735
0.4003810983948708,1.7013464299120296,1.96943472808332,1.6033520136079447,-0.03269980817710909
0.6834029553968406,0.14943412020002156,0.5795398324788128,1.905513809104105,-0.03267608705240871
1.5803580589421284,1.2096801544145344,1.7479591082535917,1.0951333909921483,-0.032698620883198325
0.06963889390484024,0.7993479462090989,0.6006470382024411,1.7373564285527006,-0.03267763031139193
0.5386430724006173,0.6412416109257628,1.7281336571096213,1.309368086464531,-0.03268460136795071
0.5167675975769705,1.2972582471937384,1.1699208824274872,1.198798065786392,-0.03268944127830893
0.5968415096496831,0.8452186497730672,0.4064999466813841,1.3436118081916553,-0.03267725511365978
1.435020703617263,1.1221873326878344,1.8346737108996178,1.5219853275175752,-0.03269624331359813
1.4506357454674168,1.1216822643578153,0.08265533523702606,0.7971317744587996,-0.03267544435012375
1.8756797741345654,1.2774684568019614,1.0626004823066666,0.9924236828218309,-0.03268735822027894
0.4379539277906166,1.5351035551742263,1.8615780910232214,1.5473206485044864,-0.03263302003201381
1.1025142080096344,0.49447104818791576,0.10916616871075391,0.7197497467336158,-0.03267527293299376
0.03932341877089418,1.0139617995100978,0.28276251815420594,0.38224904223922773,-0.03267672816993617
0.38127122982501715,1.8854639380409266,1.4917876482569514,1.353312925947045,-0.032636535421194164
1.0710414306935103,0.4279313085401113,0.7653165855046444,1.1828337626045322,-0.032676067517340965
0.6026894852300768,1.3248659230006385,1.3906763457822817,0.6838110478933137,-0.03269309614947211
1.7779827326202933,0.7761414839543497,1.1628361507621583,0.8954768248435441,-0.03268216258509989
0.7347108886498444,1.1570698612152028,0.7952279958807491,0.41194912908854486,-0.032681256585525155
0.355186321992325,1.9261070684299155,0.5425712767002799,0.6828899096637342,-0.03268363651963963
0.23008370562127833,1.7083286612481738,0.6795917396821165,0.7590959331879847,-0.03268457302711287
0.6492314635490273,0.9340041678518785,1.1745545651151978,0.09495376242217102,-0.032684194849932374
1.5376040415996919,1.7302187924957624,1.5777005191641413,0.8173653129690766,-0.03259700965041935
0.22150304972005563,1.477126092352685,1.1723808291149016,1.5303878040680792,-0.03269250017060116
1.0019498725983464,0.5930778605764393,0.5405251928427866,0.3514581547356641,-0.032676900054723956
1.5986829460834318,0.23213870152117377,1.250153717603724,1.8882660657365151,-0.032676679396067346
0.5560326750288367,1.9246835813053753,1.718017669389621,1.4094469986452314,-0.032686844292559726
0.6064541245148458,1.6112742140685175,1.3270451200572635,1.9024359007203793,-0.032698758957281644
1.5622205531420277,0.6400510415475991,0.8617263495915521,1.7892862438622867,-0.03267751694665976
0.726247968445219,1.057278372417775,1.8061600863153822,0.5917567165323547,-0.03269391337954473
0.8223360781985942,1.6669366759559814,1.3348501945626559,1.3756227600290298,-0.032700588523808714
0.15342279977043738,0.8797458012907426,1.7202513433119135,0.19678303556455035,-0.03268942677115837
0.7828957821288589,1.1476809728818436,1.5608267509354674,1.3498712439903522,-0.03269319711626392
0.8439957106464036,1.6902739073413724,0.9349260417380398,1.5629646905174897,-0.03268992707856399
1.790144935082795,0.8645509602765837,1.0841035051301728,0.6062893912963463,-0.03268253387314246
1.9048775960034354,1.9169436474091006,0.9554715278128958,0.4359533593574121,-0.03269389472342047
1.8624498401384588,0.5972599043277509,0.12392705266262283,1.9878798752010085,-0.03267529426429998
1.0331966060481534,0.3492369801301094,0.2695468392190763,1.5479034823134765,-0.03267610311843197
1.5134759034742038,1.455585001596712,1.7928979057029677,1.9408221935356837,-0.03143522703018682
0.8221451875593626,1.232345154078339,0.9585155031762804,0.05925390215257087,-0.03268465115928014
1.6344442077722767,1.8910294746836178,1.4950681567832649,1.9606630828471474,-0.03264188781721053
0.334096564940908,1.3688656762739546,1.897646439840341,0.35153842253187073,-0.024085168872202117
0.167607472042127,1.867259058577194,1.7500445795092323,0.030237226312274768,-0.03268486870998789
1.3646458238246566,0.09590414195079289,0.04832536259851161,0.7758154079685597,-0.0326759103420783
0.22506251404040878,0.7387746720436981,1.6552813422321715,1.48717166486289,-0.03268629179614648
0.6062948243431083,0.8392013767098898,1.6403971355990845,1.0433253594812983,-0.03268804156822329
1.3061000466796797,0.5264933309124922,1.5830330713605787,1.7021567910988629,-0.0326819302278183
0.15490347952259476,1.7718799847954319,0.8509089507747116,1.514822578312922,-0.032688836919007466
1.0183895524915891,1.7192875936668635,1.3759397587991191,1.874593583262869,-0.032702259258194595
1.0693623133915504,0.17425093116213475,1.4316592148335314,1.9581097088398336,-0.03267598383585727
0.493966222119786,0.17571632647916213,1.5095955818882758,0.14355293257170376,-0.032677165110440956
0.4183868289139241,1.888208411097285,0.3958407223301186,0.7317751549153013,-0.03268054937909778
0.27845891646606247,0.7263788225291594,0.36422683661400534,0.44133757343622104,-0.03267686058083674
0.6958024023925995,0.5006120550038331,1.2435282184787506,0.8784502406793782,-0.03267878529234186
0.22817271407519035,1.6946091825785297,1.4043194422274559,0.5553338154327283,-0.03270205919638078
0.46417525326753273,0.2950949420486553,1.7259014682163187,1.544318934761663,-0.032679485165691254
0.7253072304788908,0.23653109174488507,0.8057166772455728,1.8492178830705583,-0.03267548638826124
1.4521790869612068,0.8024668016234868,1.5680450657567908,0.6164973796128148,-0.03268621758346774
1.2575501281303962,1.2235537558779208,1.1674369992512716,0.20507170165193722,-0.0326882738547007
1.8060772008970363,0.6338700684067784,1.7135827933795666,1.728893110375402,-0.032684542843823806
1.0474409464572312,0.3612297696302127,0.19264954030903714,0.25103848360478787,-0.032675616721374055
0.2989426450397836,1.7755003785248982,1.1106080847356685,0.9686635907663892,-0.03269684426698088
1.938308530626776,0.8922454454420685,1.4595724989414993,0.6679066752216112,-0.032685787466173594
0.47085090039559296,0.21038622526640371,1.410217262907841,1.698523646375232,-0.03267596996902895
1.2949833727889373,1.121895553266502,1.5423473068038174,1.6073107268498594,-0.032692136913555894
1.8326432106775377,0.7647093359954922,1.80436011432156,0.27562858634484355,-0.032686486381847624
0.9496499641775706,1.2073953417668966,1.8773460794859915,0.6529260794132825,-0.03270105530796522
1.8628622729474669,1.5856024142473986,0.8139632287856235,0.4509808143940013,-0.032685893634960016
1.0389963046574693,0.5476523147569747,1.744987853548604,1.6982038121589509,-0.032682762312307614
1.6638091478646724,1.2552137435619926,0.878851129843826,0.3184668359808538,-0.03268346172717524
0.6187554697100959,1.8056582188552306,1.8406757256979458,1.989217704767421,-0.03268529429184285
0.2267134386328371,1.5379270831468028,1.5977062861855993,1.7681802651967444,-0.03267610135030578
1.0926693157229113,1.4949177124082174,0.7387525096727747,0.2689365274846778,-0.03268364421446786
0.7709295038637618,0.1764294048059083,0.7587422842114782,1.329760213878252,-0.03267543806186597
1.7433243220035626,1.4488290666782417,1.7681336834609844,0.7168655699164852,-0.03248619490040287
1.889508848185877,1.9720704747863727,1.1790862038154732,0.48254055248798666,-0.032701878592615606
0.9914689781676467,0.548117721743351,1.977583745738024,1.1199665931514315,-0.03268117178590337
1.3783936162790438,1.2052449687207811,1.4448864329438789,1.0893460619377624,-0.032691655142090895
0.16385803560869383,1.2750730999549165,1.8002323474690798,1.5649476701293612,-0.03270141832284567
0.5278658059664876,1.6014781264084732,0.4265376165424002,0.7506474851044704,-0.03267985961813918
0.18166757509609988,0.06139407029392374,1.95994908912201,0.3909000361410224,-0.03269376233567932
1.878805643747177,0.4197941991246519,1.1118056817866362,1.98491842125746,-0.0326786680105758
0.7067536755764667,1.494631658914293,1.4013409237457979,1.9927617531821546,-0.03269768158844677
0.18937592965904337,0.06339318420075912,1.6261362475917345,0.9451053652583838,-0.03267855072930669
0.4511406397007831,0.47056538713839946,1.718366962351299,1.9751432029578078,-0.032681806825842964
0.4672836390583417,0.7223860772879553,0.1687625996917177,1.8320268547269196,-0.032675546878449334
1.6192841022375708,1.5682441755067154,1.8579436322390035,1.5688400183753337,-0.03265023978681172
0.8084082711424343,1.9046847459116358,1.440864440744473,0.6836985800579338,-0.032584518297103064
0.9909370115973786,0.11039251686443197,0.9071119567955193,0.29514382404400963,-0.032675555314461674
0.9706292510969665,1.3223180391090965,1.0514591494078298,0.09317118484310893,-0.03268773372959864
0.22099930078483787,1.6491577443945191,1.0973056117472708,0.7636104482625248,-0.03269393029464761
1.0571477140442451,0.02108650353669539,0.5964428286204848,1.7374750940034576,-0.03267597765343764
0.9020620646054114,1.5425616562381759,1.5480386512123034,1.6897732095500608,-0.032700350640876744
0.6948280542270235,1.820788653965461,1.1352465155605078,1.0912442239078515,-0.03269872327732112
0.1438990209359976,0.8806016011470066,0.1289068162350917,0.7258278629093373,-0.03267536264200331
1.2664031432395393,0.8827139240423665,0.46219262329495914,1.755322582284487,-0.03267757423871981
0.9128830555395242,0.7095913598711421,0.9625067256191353,0.7827699585522281,-0.032679127745426355
0.12112824505053732,0.8990281804570504,0.47059842434343446,0.2583012408517351,-0.032677654317432456
0.6271206502304132,1.841440188270468,0.2479217001912588,0.49498723334546124,-0.032677625895499655
1.1774955587716756,1.623361109017984,0.8249314036743136,0.5457116931063684,-0.03268652977485139
0.5376443130468647,0.3605362163588737,1.1526876085341367,0.5080071209923895,-0.03267831941334239
0.40649970854035367,0.7197087875039199,0.4224703325385104,1.0173492846469219,-0.03267705745158351
1.565909043160521,0.7193324666434131,0.5088365682473046,1.5992025587244385,-0.0326772279203507
0.2428589948908022,0.2519836000659421,0.6779365725723023,0.24226553652745886,-0.032675806361491894
1.6001437900012199,0.2511122651123807,0.3875499535452376,0.6043557414537204,-0.032676453317333376
0.06165718835366074,0.5609279870545738,1.6118881994229142,1.7989543004258648,-0.032682847557096474
0.09456944136569323,1.48115171143315,1.0350781589214746,0.018806078661540493,-0.03268957887937325
1.4412248182800536,0.3418850979573078,1.425476120624325,1.0001979398687453,-0.03267712194451671
0.3737877952673847,1.5633429595150328,0.8167388503480921,0.50668462831971,-0.03268570677121031
1.0864097431493867,1.1464855862126841,0.24909118889077875,1.2410629406297409,-0.03267656670665391
0.5146112176318269,1.1209783718390445,0.8567005364136506,1.0062075689066299,-0.032681700683992516
0.7441265165798452,1.576749397555484,0.37516952391361835,0.2743841196749859,-0.032679028422086025
1.498311100514168,0.8460990805572748,1.246923993742976,1.1355471982853305,-0.03268310597967879
1.022368003704567,0.9440557308136182,1.5713274058816284,0.869420019852116,-0.03268898205054852
0.7998741380015677,1.3046172176160682,0.12358565867230964,1.61527967520565,-0.03267546626454048
1.5653729469188928,0.719757469506882,0.15174411965995405,1.9942539222511688,-0.03267543493464555
0.5899561340465378,1.4269547339481263,1.1680201631106821,1.1212374198323052,-0.032691548878298594
0.7232673310711468,0.6288005511932633,0.20283193821042156,0.22781029881014803,-0.032675766500201806
1.7114242011772467,1.2503285323350235,0.6023100259849763,0.9224215980212838,-0.03268005749035171
0.6232380530703951,0.6216001259395985,1.7137455672051312,1.433500690499961,-0.03268432295751239
0.9725444458640244,0.9606513369475467,1.0002940651586223,0.7668872118082346,-0.032682251564412956
0.17077659005212342,1.1920292212689625,0.5311177647602432,1.5402677079906275,-0.03267914366164054
1.4834896873773669,0.8487267716531204,1.2484712536864613,0.34822530569874943,-0.03268314518903266
0.6485534870454943,1.4844367438304296,1.536985549411476,0.3852927274770943,-0.03270203600644898
1.7520137046848863,1.4902315845399265,0.7541078125488072,0.2666685281941281,-0.03268384601195427
0.23043403131997175,1.5742019258180484,0.16512054198694237,0.8394688863143003,-0.03267598092077683
1.295561797787865,0.9957924348669609,0.8097548407566357,1.4585884489094127,-0.03267994884572274
0.9523519024771605,1.674421938694955,1.3561990542173499,0.46830288892519234,-0.03270143238957887
0.06233012616364042,0.5011949142188799,0.1452904191481854,1.6821565931467561,-0.032675355037715896
1.7059944365426982,1.5561239481947347,1.8992542945572688,1.9311908103634636,-0.03266702388204176
0.7794031103161061,1.4500085342411098,0.9695407244198007,1.2596923788205734,-0.03268759379097643
1.5435916257426703,1.8274607013128528,0.5925591993376074,1.4575942582563108,-0.03268392110018176
0.6252427683757413,0.5611639365391312,0.7176533150921311,1.6662825551681053,-0.03267662903860799
1.3835142071149278,0.30270076310865335,1.0678880807522737,1.6443470337472132,-0.03267763663519375
1.570287950651848,0.19472818728945618,1.6539731856953623,0.8226671296949448,-0.032679166350783315
1.9176162369426526,0.07896758167148499,1.4498055384711572,0.00542579232198892,-0.03267588943429141
1.3299170123170825,1.4600908030449806,1.5806634093692808,1.6495013283837061,-0.03270233421163125
0.8545234131510082,1.59384630874216,0.5885446086528969,0.5896189217586427,-0.032682171994415594
0.3639026488834616,1.498434419820686,1.9079581877202971,0.2152513656369044,-0.0326584070887
0.39727325671436775,1.7526709748314542,0.006762721037523178,1.6473702475241978,-0.032677221018178534
0.5080445518754066,0.6417947203835113,0.6965179014922755,0.027003619970496606,-0.032676995140253316
1.575351644483559,1.9147735484795063,1.7898499633756695,1.2692489051455458,-0.032689657229314634
1.8087165423817002,1.2853009775450888,0.5478920094647026,0.32204085516574743,-0.03267976644065013
0.22533915923616,0.38504485465042726,0.5080117925794032,0.9152947141528891,-0.032676529138782426
1.8891448374164883,1.7992470488168084,0.017695541156491856,1.1644255755426647,-0.032676844313690126
1.8118380046778306,0.2532290192394089,0.023358773757348628,1.3020112271870747,-0.03267663785736541
0.08624350047553042,0.8935140052857122,0.3429641462221802,0.874855640449195,-0.03267700695291572
1.6262762992730397,0.12036649186197912,0.0657992293767391,0.2780362153215783,-0.03267557716307373
0.6520119976410841,0.4101166158337275,0.84210101964562,0.10674854648764898,-0.03267610418284589
0.167691260063781,0.04313015007284138,0.1274802945991973,0.26197181434640604,-0.03267526204578968
0.9376251018851445,1.1273329912472978,1.7464247517453062,0.16348716809846864,-0.032695872289135876
0.4592992416603574,0.15931417984070495,1.5647692338619215,0.6239549299122504,-0.0326780541665577
1.9401208132117602,0.5335743363090912,1.461113388503834,1.4050343801064835,-0.03267990663559827
0.13713058988467686,1.6492200306800997,1.3629585788599743,0.20569374674091456,-0.03270096331143224
0.4835433557135398,1.6717314983757738,0.06908885830799649,0.7641084303590981,-0.03267563795611616
1.7525108282798867,1.0905154715037049,0.464637759849871,0.04117717030399004,-0.032678251899401524
0.3594756562391397,1.468793123370033,0.21723587172760683,1.888632503848152,-0.03267656709069976
0.14721589079952246,1.9760156012995396,0.9127432030007117,1.3946769135559443,-0.03269336653773456
0.07349842094293746,0.29197871835605604,1.900727741151627,0.20289436184379972,-0.03268097006559333
0.8586610351630029,0.18854015073046915,0.6213367985912954,1.9868125476627523,-0.0326759515495298
0.2520547946575218,0.5508386963960143,0.2851117813958606,1.8182580482178516,-0.03267628975911852
0.5472753958521612,0.3560516711464292,0.2767962246155724,0.8291977311440235,-0.032676144453624184
1.048244915882736,1.2549023391313625,0.1641924405006403,1.2761490866027712,-0.03267575409588238
1.5611020545616747,1.2687150427072602,0.8347383050273038,0.22795838081060893,-0.03268289505465489
1.6622708018723478,0.6073928402015425,1.3942429848708837,1.73251615365242,-0.03268012277184733
1.8152021143626784,1.250732232797431,1.1929000247344763,0.0337182465784549,-0.0326889481489754
1.9536692428626925,0.5600483289416842,0.14548878589787972,1.820859617774226,-0.03267536596502293
1.661274259634252,0.9258681773666704,1.7626017640764362,0.7002821638343735,-0.032690441743102504
1.75794295626094,0.8953458574704729,0.1935788210155498,1.6295280945839048,-0.03267581853926525
0.4108700482591272,1.868846565848446,0.35434526203495387,1.2529038105919157,-0.032679686707289456
0.8373422874330991,0.35108398328877866,1.340481543759406,1.4135713905988787,-0.03267680775250971
0.8794917896361496,1.5957014914420986,0.9332326584057207,1.1630615851285213,-0.03268863054212434
0.3254456451782912,0.03101171843717343,1.9738176724304266,0.8224159214576265,-0.03270015810128104
0.2841051596866806,0.48122278662290263,0.4465111960869794,0.47735814705379,-0.03267669900189431
0.3398782441947772,1.0140923422725274,0.8195190369774465,1.0441006082241269,-0.0326802130548225
0.2698715489181689,1.994882369263612,0.11614319076851998,1.662304721640744,-0.03267571624354386
1.318380873710842,1.404442586955564,1.0928442062406472,1.7680226733214992,-0.03268980827171007
0.8910640779766017,1.2266620021464694,1.691780407955071,1.080537596623154,-0.03269847570077587
0.02525426551312382,0.27781177495583775,0.3980252046065804,1.2055371585689678,-0.032676478232715064
0.9523058230909329,0.3606129803826108,1.8375915916509133,1.5284026025043624,-0.03267815896545952
0.3692489521164828,0.6891650404727041,1.683579944328803,0.42941005253223286,-0.03268555233152027
0.28344847895591996,0.2390378755832363,1.513912636530378,0.29548293312856444,-0.0326776131239632
1.1477011685907426,1.1799560514935694,1.485726575158628,0.17719417135447357,-0.03269205846189857
0.6870637809802405,0.4301290057957412,0.8227954339345411,0.4565226613253279,-0.03267613519635858
1.624487987775365,0.6689672765152057,0.6963853722412283,1.4369584262049973,-0.03267712569360021
1.2680973181896946,0.2619679648500186,0.8268258274084654,1.0455478292685607,-0.03267556005267677
0.996849925815005,1.5821014425052686,1.2875295734152699,1.6446778538214388,-0.03269692399664742
0.7039946767608638,1.2498135979750742,0.8287724761118631,1.0889095904854011,-0.03268261114206693
1.8210485374182497,0.40658069646167827,0.8866718398694222,1.1892426879004825,-0.03267629877031646
0.1716384015352046,1.6877051975997948,0.27268939566070016,0.5797966247652995,-0.03267775087439768
1.8060354704845867,0.34410920805245104,0.655595038725892,0.409441004766141,-0.03267605615849041
0.3637518518290692,1.1193244781178273,0.3171182188513897,1.261121494251485,-0.03267719733931764
1.6697639281779177,0.632835308688424,1.1728453227985398,0.7876672542922452,-0.03268054245809959
0.08101166584465025,1.373867354821863,0.029078671515737398,1.8412676045366252,-0.03267645768761276
0.3811663267374119,0.5103966227983638,0.7582131796420208,1.701313832185418,-0.03267640595405498
1.7381811834587002,1.209751729690386,1.3861974634857364,1.991706690254063,-0.0326905575958877
1.26253250707204,1.4291146157507748,1.283186499716551,1.847332571317624,-0.03269331409656539
1.6116080258884802,1.7819111379449668,1.6973248346426004,1.854233384752603,-0.03267366075117199
0.3668291169223077,0.41844158790814445,1.6907047819663066,0.9582558855722583,-0.03268125887598053
1.9895081102174519,0.4855692068036195,0.7100592245065029,1.7492443047834547,-0.03267633031633078
0.5786562423959185,1.620829345180226,0.8350457474904753,0.9531895970924524,-0.03268671253645518
0.14755313075157495,0.038405483856248424,1.083716229680749,0.6865067812945946,-0.032677162563831796
0.49000900827289273,0.9698746143545007,1.427895544247039,0.4442283930467281,-0.03268665963966134
0.9898699389652801,0.09173484287442957,1.1147778882917727,0.9584216402142389,-0.03267740399544898
0.9390588861949143,1.8178082094521821,1.2520706016147922,0.7219301330897698,-0.03270201779204184
0.6113427631722872,0.049337517593505575,1.7271343060904054,1.1626317289606565,-0.03267805943228767
0.03167201405616238,1.6782067383986372,0.5549818526284584,0.3443280691276016,-0.03268221940091191
1.5912811770271136,0.6810531813871796,1.2004299842185229,0.9389890680978175,-0.03268100478098996
1.4369983112227496,0.8259653282579615,0.29271040416290317,1.3950605060931065,-0.032676579828733926
1.4716024197402549,1.7368107068838363,1.1034012927879369,0.8752908186382129,-0.03269579563501079
1.085682855782041,1.5585750239348561,1.476055298169435,1.489455838661978,-0.03270204205375517
0.007420697231999451,0.32207826876510404,1.8842097301520926,0.8914439598520147,-0.032679438825499535
0.0507516151504841,1.463516303859883,0.7687527486532726,1.972464695802749,-0.032683824135184336
1.2744924287124955,0.5546021333208575,0.7280570298636695,1.9332083190767557,-0.03267659856517152
0.6342803746716243,1.5720334489890386,1.7122025182688108,1.8252789349314784,-0.03252776819626702
1.424766862599706,1.4842662473977402,1.7333894121454632,1.541466523272983,-0.03090051317740605
0.546811232034504,1.5084415808460077,0.9627934130040117,0.8696577669594803,-0.03268819930308821
0.10602738066945938,0.5889740569540762,1.8181026316986086,1.8908190594174503,-0.03268255954797936
0.6931441905154048,0.8788627021119773,0.1980073248891776,0.9414461019924232,-0.032675847899662845
1.8200241646387116,0.08167377985863933,0.4920920065228793,1.2624157132660487,-0.032676328837927614
0.16017925558713486,0.15012645405619351,1.9958672056049545,0.36366353458748857,-0.03263563826755525
1.5061058972877224,0.6997174768837204,0.6611723415021633,1.627992996486763,-0.03267724924057636
0.9715746503052829,1.552720713034988,0.01902867545613174,0.9178639610885195,-0.03267679561072855
0.6025885648935083,0.29657749062293837,1.7921293259978288,1.6244766120608445,-0.032677995482130524
0.8674203960457534,0.7779706559687971,0.9870346563388437,1.6912772923964938,-0.032680115405497055
1.5316824319768474,1.4514699268817857,1.2069501484676628,0.9019486059706578,-0.032692571097028555
1.2886678636596374,0.9167370835476139,1.4650633308624685,1.7819746804835315,-0.03268633648777118
0.8738846504239575,1.2200167763821306,1.1551271290729033,0.6151571656122248,-0.032688091087304735
1.822930382416018,0.9619900167794966,1.1325046763963826,1.7219121276629177,-0.032684311350353504
1.3522502831718384,0.8840972283513642,1.9040157166628597,1.9481788212314382,-0.032692552880498674
1.6764661392340303,1.000521969904719,1.762444402299967,0.353475029847371,-0.03269231237101665
0.7322864798916642,1.7254387424562805,1.0838272213780282,1.2421879934793587,-0.032694931836280416
0.8210670311358843,1.9908381434023854,0.9208995136492475,0.6875222682733406,-0.032693878448415904
0.5168774207543718,0.9354951614661182,0.5950277868540219,1.7603048302356024,-0.0326782441242481
1.8243931363650936,1.4642200559783685,0.5070412432133469,1.5358573419183426,-0.03268028426613128
1.2950038910117967,0.31189807132537983,0.7346028341355131,1.4161534179817914,-0.03267575090375801
0.6417598567811322,1.4527122195632163,0.4733106609966109,0.6523962909660579,-0.03267981994399038
1.4993767364759842,0.6966642968801326,1.2588820794693136,1.2742967125813502,-0.032681028377188316
1.4490221767499234,0.7258788356139503,0.45893766309329576,1.34945604392625,-0.032677160908637475
0.28087497516715687,1.620874354395133,1.3731741285737697,1.6500835495683417,-0.032700482252899364
0.6501963795217618,1.4975601801656533,1.782629372893993,0.03811429250212117,-0.0318856899917477
1.2898727855933918,0.622085582453785,1.3290353265641606,0.12228651804506807,-0.03267997146340901
0.20217349971716447,0.8291207395209841,0.07700512693711481,0.02478107541718111,-0.032675462187737245
1.7633368288211981,1.9676066027087276,1.443372705121625,1.085568800899796,-0.03264371775385261
1.0746905428379128,0.600201064829585,1.49927988353887,1.752376293570577,-0.0326815444467979
0.4168558476297426,0.9644867525267988,1.6191224910831155,0.6518503681462895,-0.032690287371607896
0.9794151130928397,1.8479087656748832,1.8855028870888388,1.5098582522475648,-0.032691717395597994
0.32316374765342415,0.8157958981568978,1.0707955305789456,0.39853366649061583,-0.03268179440643065
0.6872775891459062,0.17508070189836222,1.9386470154605808,1.1716876875733562,-0.032687535861813395
1.5061214443731907,1.4606409478615787,0.2695670339949514,0.690330932147619,-0.03267727000797944
0.6645413415331438,0.8524171910799141,1.2838721903411692,0.25000404457384273,-0.03268326256399379
0.08925375945980041,1.3409646894082976,0.5695322057817258,1.4323982012964496,-0.0326802958749645
1.3567055612207284,0.7104505728945547,1.0641239127728488,1.973688383977437,-0.032680600285829794
0.20906280621389017,1.0016693873901654,0.34342080356911064,0.02116716198410007,-0.03267719856287545
0.11105225976917099,0.5442322337175771,1.4245706441305863,1.2256361078739872,-0.03267953982091823
0.09255543662830923,0.43427455693473394,0.328420183631132,1.6234608885405324,-0.03267641663357249
1.8485641694292727,0.8625981689421396,1.2186456927226395,0.5952118225782008,-0.03268331630471587
0.17002458165849665,0.4826499834400717,0.6145797205096466,1.631169556057038,-0.03267650505185109
1.2561949358822475,0.48917613907345214,1.8966323549710233,0.08358001508345647,-0.032683311399652304
1.4799944533740275,1.016096951739296,0.2911876877461419,0.5721774527631174,-0.03267680450809165
0.9544791726665554,0.9877226787523516,1.672965042252733,1.374443594809462,-0.03269156652423175
1.1218949092830504,0.04179441505790993,1.7133132527016295,0.429613931774262,-0.0326782879495461
1.766386765037051,0.6816576412956508,1.8234100383229537,1.3739467536353795,-0.03268453653449668
1.0513031397693435,0.2637065525648912,1.6911690635474528,0.3776583989910067,-0.03267957981566238
1.0645944094886732,0.38569658261748296,0.4164349303517034,0.21258267303850054,-0.03267657314218227
0.5519789274832627,0.9582337682702313,0.5922731795621048,0.017553209107391998,-0.03267834561098603
0.4416740043302416,0.53727308371603,1.7998254856348037,0.17720617792336557,-0.03268172994821367
0.08511257842136444,1.1232605647514216,0.1544555221281798,1.2755048890418443,-0.032675599131799744
1.3090393176011061,0.3447767164430704,1.0449245886534564,1.3270003568110418,-0.03267757820312325
0.8046539786829365,0.9507044410856818,1.781812075558306,0.6468001290119068,-0.032691002291817726
1.133880795636573,1.5300534726912227,1.275485944472864,0.23383561262545505,-0.03269539339120517
1.096160512204563,0.9730015569626262,0.5470324338524724,0.2316154503130603,-0.03267822813553768
1.1443111234001775,1.9017213968007225,0.6742739834539715,1.4913732600143095,-0.03268618651334471
1.7646053232192658,0.6131382196594155,1.1028185487465136,1.7133460991213465,-0.03268013762803502
1.1169078845348661,1.330004565035948,0.9150261405722022,1.7062084485904483,-0.032684965441867934
1.8826416515997786,0.17618234080246142,1.508257866782946,0.877914934813399,-0.03267714368809777
0.9082755669622375,1.9679474775261852,0.08556493689903699,0.6896393107133474,-0.03267559676087804
0.784746016595733,0.10446279610338638,1.0935327935430235,0.11466179259476994,-0.03267729728232306
0.014542801080313472,0.12141692696049322,1.0025331204908081,1.7096502925329329,-0.032676393325115065
0.7955650681350963,1.6571625656733466,1.0148964204478372,0.7848555127147565,-0.03269165498298139
0.9590729940531526,1.6194067835280606,0.3884048505268589,1.2850738064078533,-0.03267937042763876
1.1854741763110461,1.076774603380246,0.18543654970007717,0.876694134782058,-0.03267585110186185
0.055599416366768795,0.29878150986422547,1.4708036905715447,1.2500164999152201,-0.03267734049299731
1.8056065157633134,0.3243671395800427,0.8139809095118751,1.4442063894733028,-0.03267572276744118
0.9019599494236556,0.7613072986176694,0.21380744413884845,1.984954255455584,-0.032675915541990605
1.5670834574442511,1.1851236843370312,0.6142475893513113,0.049228777116089084,-0.032679750745164986
1.702886835927216,0.7924095057999885,0.343283621247914,0.34998372640817066,-0.03267685373764661
1.8034250291154859,1.5611423418792476,0.10186279446210822,0.4592357476804503,-0.03267547904042284
0.2350627899872917,0.36237040931764075,0.03143350589129024,1.0703648845566511,-0.03267637216091488
0.9058808345276068,0.6233696986220068,0.8124220275369334,1.363739710390055,-0.032677126188615194
0.176275349781865,1.98778156432802,1.6605401469117729,0.6991669491377221,-0.0326871636170377
1.5213003456571443,1.6028271993943695,1.4783401240389697,0.3321935988751752,-0.03270206087956948
1.3411655752829175,1.5194140566416507,0.2826760438133109,0.08983182947337065,-0.03267756191808997
1.7453589014143935,1.0339235694665951,0.36789662906993237,0.9152586335754522,-0.03267744083004195
0.09619554559209509,1.5044319790082852,0.3968387425996598,1.7347360909912273,-0.032679075134447545
1.5695541909472142,0.7539284343019084,0.34609267737764515,0.528098075338796,-0.032676814368508104
0.8580390852999873,1.0135393005179272,0.8309094664377608,0.2468099418755565,-0.032680332056797816
0.314890413841852,1.897102233245364,0.35049138885796327,0.828936438768858,-0.032679711552581175
1.850386584832354,0.6894643433081529,1.2443825485024436,0.7033077122462608,-0.03268097109054759
0.308289812219785,0.12908308582308847,1.1030834086244543,0.2725895399853624,-0.03267740005627348
1.3649600062779967,1.1478730124007168,0.27183097903227704,0.6412274158287963,-0.0326768045432464
1.4971732369835105,1.0658916382577903,0.888141421199627,0.12498291497830727,-0.032681583746307925
1.9158122490462406,0.1432906690091007,1.947021429480935,1.9724870848344136,-0.032689687536563795
1.2881702561206407,0.0029280398120747897,1.1661000414959726,1.655524963850221,-0.03267717755587441
1.2533643418446225,1.6608291133211917,0.07787362377454077,1.9169891008530882,-0.03267556128400522
1.3093517872328633,0.7180649745082808,0.730352904629334,0.7868087066824023,-0.032677437709440024
0.2567798274365416,1.014347394981115,0.62258975166096,0.466856066093976,-0.0326787827144478
1.1104025172400678,1.5327384851897077,0.8727225346377747,0.3483562543437424,-0.03268648985853975
0.4721241292463909,0.8764410815470816,1.4113950720780455,1.71048174954197,-0.032684720953389756
1.6523445401538994,1.6288052824755348,1.8123937659116551,0.8824552972075856,-0.03265907846049018
0.9917253813396929,1.51696249037982,0.18749637495343063,0.8816836775900634,-0.03267621838100581
0.01469655939561676,0.10881901722289267,0.00019135566571959473,1.7952337246022805,-0.032677379160039245
1.7708797561164846,1.5395876284255372,0.09155505756465154,0.4762453385609431,-0.0326754775126277
0.4176199166037491,1.8769275673524008,1.8786356560931292,1.011850758028494,-0.0326928067338372
0.6985836476025327,1.9063080994503263,1.0132399027753363,1.791142136059168,-0.032695828965613856
0.11147651292908511,0.14033326907333654,1.3902522094595218,0.979853379770441,-0.03267552544995389
0.5449349127965999,0.92426315577154,0.5140552170647676,0.3278493734532635,-0.032677902759892005
0.19618685491136367,1.2074096222641446,0.1540829221957678,1.4537438628195374,-0.032675636399418714
1.5770966838277023,1.6369097593810018,0.012512985580761304,1.9923331106339301,-0.03267702578033253
0.5378809531869118,1.3878091944134916,1.3442739645553885,0.08745183689714975,-0.03269353701933169
0.4927867706137541,0.668793865708009,1.5869246242996675,1.643985939920812,-0.032684206446903646
1.412761284438918,0.24682803945595144,0.4783227427151835,1.489756716654596,-0.03267643128643474
1.3435385107306035,1.7958267603749263,0.04809462671233011,0.8003257863516324,-0.032675974638754976
1.5403288763807725,0.6213553679344737,0.008084631968446665,1.2825381694150768,-0.03267717692214603
0.1145973949099186,1.3648782223390339,0.033043991874122325,0.994677511472281,-0.032676336216046695
1.9158090532872531,1.3657196341329276,1.9972605215671606,1.2132254066745836,-0.032700844075425395
0.8622234771436772,1.4479320813997991,1.3143359986777008,0.15838671468380205,-0.03269429301120832
1.3044593149785642,1.328519754783395,0.4919276351003474,0.2722208069445997,-0.032679447464392705
0.8475886031443816,1.2477482397598465,0.013533415985211183,0.839663972110068,-0.0326769883349825
0.42936069030689494,1.0196019206029623,0.6341822810912077,1.0912598947332794,-0.03267887389181292
1.7339856991887772,0.9447081590270139,1.805498086938763,1.5822175378437462,-0.03269080790997827
1.4259209527689942,1.1976560195270691,1.7322441166089377,0.577349409072561,-0.03269805526810295
1.6661342471833271,0.6287503717745513,1.0018817417382941,0.12344935357222875,-0.03267896455477676
0.6364917167882369,1.9081547225915672,1.3411195228313528,0.9297381282414408,-0.03236242459631184
1.1801770668807117,0.7938498597346471,1.937544442663212,1.1343568389621803,-0.032695890655978326
0.11892085147688691,1.5905639603989175,0.3846283456070405,1.5712182822202347,-0.03267921184213371
0.2629946005162682,0.507930809615182,0.09797211463856415,1.5654793788660577,-0.032675299124277066
1.3423545850371301,1.744552190738379,1.0897562994485064,1.5633330367549778,-0.03269549701895355
1.0253500470568755,0.5566908260102692,0.835196491818466,1.2906809228459524,-0.03267682520373986
1.7985907264188756,0.07577350576718311,0.5834183730160007,1.2781260424500474,-0.03267603964000555
0.5278270029797769,0.5367195926610568,1.2033455909123416,0.146860400415475,-0.03267942488855553
0.6878661929928094,0.7183777145411991,0.28674126826476076,0.2657991098943988,-0.032676431014874205
0.40600294106468904,0.6488162744776476,1.316665951287376,1.370621021675423,-0.03268032690568954
0.03009177907969529,1.656783643294097,0.31961071249413453,1.9357940619127776,-0.03267843362636241
1.5677351194871623,0.7982891971962272,0.9584171024118209,0.8140570405424876,-0.032679893380353445
0.30982074284625627,0.5288343335139776,0.9490738480830543,0.4745978929412109,-0.03267753905045859
0.046867193139126906,0.27295920955498953,1.0404575229814939,0.6296070214978184,-0.03267721108983377
1.1349952494203508,0.8223450549414677,0.3781319831209238,0.584509202914955,-0.03267708009460483
0.20525017696202852,0.10665370510972316,0.27186728635292057,0.24460769185599962,-0.03267606348745719
1.2618756510548614,1.814181855481733,0.49540940312695025,1.8381335964786936,-0.03268203448021314
1.0720301634496425,1.7681554498411198,1.0715795361475826,1.4237563844355943,-0.03269533728620108
1.4796477635594723,0.8886983870690983,1.7826529674662563,0.8142665942381737,-0.03268947794288383
1.750282676672899,0.12510395381047812,1.0570201777209283,0.7399827610072494,-0.03267699288325718
0.2163119169128236,1.1831211840502638,1.9673093442724738,0.9377553442933528,-0.03266797325547403
1.7365467530317695,0.5676569237678668,0.09767329245406176,0.21384803235143113,-0.032675304802122954
1.3314178126580465,0.006703669529390721,0.1578087392870935,1.4626471589584558,-0.03267537786160958
1.3418291784977534,0.7739579500319651,1.1843059372881781,1.1971652017243661,-0.03268214914364523
1.9991078773406885,0.8656179134622062,1.0988463322315951,0.011034540088541656,-0.032682749849586946
0.17987440933158494,1.8370966878967563,1.4307628163523867,0.9004217453039467,-0.02938634792381369
1.2025160178600738,0.10429674981183412,1.0821330119726529,1.364767563416355,-0.03267720503450416
1.6999272747239824,1.7493232929247304,0.05382554908838233,1.0038983914759039,-0.03267586076886997
0.05008731040691217,1.0415087491858213,0.5570199108396781,1.1928641896446033,-0.03267858648910896
0.8995658812324707,1.562922234227698,0.5684721113581228,1.5792127971835517,-0.03268167198089298
0.4706501969469503,0.1884795421265446,1.7312043105505732,1.5307596531293703,-0.03267850870900576
1.8605446725333046,1.5808143909215189,0.9137156897815586,1.419448335558923,-0.03268797666415963
0.6387278629409003,1.95315626961389,1.9840752378977013,0.646403493576758,-0.032688611084621226
1.8834968292820833,0.43564025491839065,1.871591824405521,0.4494782654341756,-0.0326803209433599
1.963177788663449,1.391060169174906,0.5530651226019212,0.893105479966855,-0.032680415166495565
0.16598599620425536,1.7874356310744812,0.8974364864402038,1.2815971107628688,-0.032690229806834135
0.07124957251565767,1.924471012640131,0.356417643923171,1.0402738903056166,-0.03267992405209126
1.2408651171264231,1.9406646660562388,0.25667718645395077,1.081742010406193,-0.032677992039172814
0.21626235407839323,0.2549443776898441,1.930647434412961,0.9762136632464209,-0.032686074764271406
0.5909461857154479,0.9518327656461281,0.34218303141876305,1.0235869633588528,-0.03267710023275595
1.6431227830177206,1.3532281335712353,0.725237595084183,1.0422005459972488,-0.032682164433448194
1.7650367957355857,1.0534781198721201,1.2103486329063289,1.8643111867748847,-0.03268603958977399
0.5303474028093973,1.0984298893013174,0.39371612019108504,0.026365817241722267,-0.032677784181255276
1.6426768788338415,0.3193329469779398,0.1396012959952908,1.2129146304352965,-0.032675309038456495
1.8103814252012305,0.33650058494014257,0.9419512602236875,0.9231506394110645,-0.03267640347631908
1.4410170709680092,1.278767321979882,1.5507373896954462,1.484479065315685,-0.03269634525047932
1.9701319968720914,1.8573991228477962,0.29512257654287843,0.88901979628581,-0.03267853809932406
0.2612161670989823,1.181855484766311,0.4521711953167231,0.9738321349443804,-0.03267848976524662
1.2534572892425737,0.45929496207806575,0.7894275175725001,1.4670971357845026,-0.032676203702941574
1.2415929493452502,0.6535426360008083,1.4407321150844674,0.9740520047632313,-0.03268139914839841
1.3650664384757767,1.2797801313522057,0.539796844472336,1.3912972609729157,-0.032679662283482805
0.48980072612684045,1.2916880273694356,0.8862528814580624,0.07404510359057803,-0.03268399370807217
1.1635301161211402,1.2181233526647957,1.3816058960957394,1.2458935381683862,-0.03269064459016101
1.1499684088904985,0.4537363034839057,0.8081287335954177,0.08517448710067432,-0.032676207360691475
0.9004137757359938,0.6442929037630765,1.156333864864733,0.8935611200924904,-0.03268068497652934
0.4824385240305096,0.7851536984774516,0.42417883487721464,0.07054624103697171,-0.03267719586593178
0.2011342866340633,1.1702433743165028,1.9714247848535333,0.3774424236366447,-0.03267262438835284
1.8263029388187206,1.95574036423541,0.3790022147038721,1.9888185241711394,-0.03268049442241746
1.5477989758477848,0.405385794907281,0.3681568819600136,0.10935180310591996,-0.032676516530514774
0.7430229975437577,0.614569126396961,0.6025634016895598,1.5940385892205857,-0.03267692138484844
1.731940176503063,1.3924712823512166,0.589973480474234,0.5866254699644486,-0.03268083824695963
1.7422433786639293,0.8500706882559186,0.4906313038144192,1.0974731203477786,-0.032677574112075475
0.33347857054199626,0.13186137240365015,0.5118690606295939,0.8030087242167523,-0.03267629690817107
0.5020085681981725,0.0551733197242652,1.2533045915892127,1.0292980754553873,-0.032676146968310865
0.4782666982439914,1.8884941963667512,0.8208206889115051,1.5139930056028559,-0.03268948251329008
1.4320773808679954,1.7435026032731165,1.322805555690014,0.49600091049150374,-0.032702101808841574
1.2298629136195818,0.38081107982001283,0.09601005302584298,0.5527193481298596,-0.03267529933024279
1.7040084717711852,1.7569634429055532,0.27974579359931817,0.7158647087921306,-0.032678018953478376
1.7931411713727312,1.3693462709842807,1.9892705094932377,0.9033945649883921,-0.032698185357312184
0.17431191487104214,1.006333968936815,1.8451769151346642,1.532689787224438,-0.03269278234855845
1.7786505795075356,0.2722331579832442,0.5141538406311901,0.9875451502891262,-0.03267638539172574
0.828587685658722,0.5316341561721074,0.7673867614355607,0.3896985813510858,-0.032676509852711214
1.3042439630612377,1.367997656586409,1.7534947288077858,0.5175197184415585,-0.03270095367911632
0.2947160827875186,0.6944320441315812,1.5369810281614167,1.6761653004735466,-0.032683757067329434
0.7110649485244147,1.0601093723588142,0.2158978398812783,0.4283051913595104,-0.0326761395620763
1.808285063877838,0.3934805423684664,1.2452186848712026,1.039337380159849,-0.03267778437832605
0.31857332397408245,0.036969092221123656,1.445411443942282,1.1397649996075923,-0.03267577785569923
1.7375699769056983,1.424393834786491,0.655487745667777,1.1814665906493693,-0.03268185394102082
0.20232602702174352,0.8832324614391198,0.16293601899759058,0.16356764010199387,-0.03267556235844944
0.10129347051259119,0.044620806694142034,0.9392470663814225,0.5930486240380073,-0.032675725526765
1.4572026472304518,0.10306347338366173,1.5896707604564708,1.0030391627938309,-0.03267823248522477
1.4648675445280457,1.5250491927028702,0.6498324358588972,0.40870419617718645,-0.03268256165454221
1.9387237960215975,1.9004518752648776,0.12763258866305782,1.5329107711241376,-0.03267577058406087
1.9091865803700752,1.1039463808344072,1.5520433233369986,1.1244326537053824,-0.03269196212319349
1.769606688142309,0.1347056789013854,1.2326355099291562,0.4610903803354611,-0.032676547181089304
0.6453982870284685,0.347427552309433,1.514402663052023,1.0299228687185868,-0.03267853986284615
1.1691047234956387,0.06540253354693881,1.356534147828694,0.5803528597329068,-0.03267529815906486
1.3018299664275357,1.792883954822413,1.9102634554833446,0.5092203742483781,-0.03269171905345838
1.9915567461744899,1.047343207711888,1.8566059637989423,1.3968306334824323,-0.03269429247672985
1.4746847182208938,1.8569732096241605,1.0995770618375578,0.14739864089053145,-0.032698236864784194
0.30598983175898176,0.1973818378786596,1.440865640309499,0.38166881552591225,-0.03267620731838188
0.6736798265935695,0.2515463247666454,1.139796949977499,1.8056556622699633,-0.03267781918887077
1.4876700820185342,0.0006648268696041182,1.5002690645882961,1.5526695688973335,-0.032676605336983376
1.4729543809092556,1.7684969726330433,0.9528405724014577,1.5766812839801336,-0.0326915229308918
0.0662793290161614,1.397420748402959,0.2724559149214312,1.4668465813016216,-0.032677198453666755
0.8465190717257756,0.06349012979842783,0.5890981363562431,1.758159035293241,-0.03267601383475664
0.8812042283797579,0.0484030059459557,0.3879422733106712,0.16985027305218492,-0.032676399768911533
1.0206064069462701,0.9538213239681803,0.43092625183919386,1.5896709368499093,-0.03267763235491963
0.8062779768204351,1.3493460714024772,1.7354532981887054,0.7682296701195221,-0.03270226716389133
1.9325853726208448,1.8738931777773211,0.6587740719721606,0.9120025573896362,-0.03268561166133398
1.4568455352016016,0.9655383046524078,1.9951520412681456,0.43767165585898304,-0.03268573237429801
1.0350890913822925,1.9566966522838862,1.4138283953544701,1.3403882139909022,-0.03260552101627854
0.00014463223986971308,0.2490964970179428,1.9984655478411966,0.5367942921285505,-0.03265972421919325
1.8145827653649096,0.41496711248096574,1.1467892754678115,1.2470013982441637,-0.03267869481807227
0.7824057646002418,1.5368738250915586,0.3896335519901175,1.765132223508059,-0.032679093411563026
0.02995224333959401,1.5942685134537937,1.6894395101464068,1.2889905786485125,-0.03254879692196002
0.007159284940333466,0.029396822350869156,1.7474125007071695,0.12555612917522918,-0.03267758450828954
1.0265864444233055,1.8457503844609744,1.316058300251248,0.9975462954780068,-0.032697744426126836
1.4013907936278238,0.8850553114242123,1.3124290055001544,0.887958727263684,-0.03268389025131482
0.32553238127485473,1.0570437608650696,0.8324268126862777,0.7761570966770974,-0.03268075775391
0.709310644802644,1.8229368021939758,1.263901517595879,0.7089866141049164,-0.03270226663501172
1.4243118505376544,0.38831327285564554,1.1811039505461323,0.6764582488223403,-0.03267832601457428
0.22082346502549632,0.5493773531778834,0.31557524495001954,0.8379203105695443,-0.032676446862755434
0.03786308505781899,1.6396789943029424,0.553279411769525,0.29437491679380723,-0.03268194343985968
0.05813941564940994,1.731142342954774,1.5922136353548042,0.730731535739803,-0.03261928549764599
1.1050049069530636,1.308762143627537,1.0914568489183352,1.6872682956277743,-0.03268838142765989
1.7450601905139598,1.1647249859385773,1.7132070090969258,1.904132363927508,-0.03269676704997163
1.749855822482691,1.174427192083865,0.25432380839614366,1.1215673209664354,-0.03267665622106208
0.3762047101732422,1.646584836323491,1.8655418664901597,0.26127972636973085,-0.032672409160594905
0.7294741931802777,1.6526104820950602,0.10938270381160065,0.14890394724113398,-0.03267552821626709
1.3596089516471117,1.111251600574177,0.4427902631952061,0.414418883077992,-0.03267817578436037
0.8129406460198172,1.6477701164473246,1.0040980435728715,0.9760453180172441,-0.03269120674020531
1.7925885107877089,0.5857059285160526,1.9884377844777197,1.684289674005525,-0.032618387012791614
1.4943124708590172,0.4436773077108149,1.6820787564806414,1.3798417382647246,-0.032681615943275975
1.1542386441224854,1.319260906470175,0.14961869910002967,0.8705753722592224,-0.03267565485790178
1.761023087108907,1.5986412272277584,1.1624379146171024,1.3206200837897089,-0.03269461040585136
0.3059813334244943,1.2816097259944343,1.7200876742615727,1.8535518916323928,-0.03270083244718736
1.7124666347671305,1.735152193370103,1.3023421393477186,0.9688796903003816,-0.032701455674813064
0.47384104185198117,1.9803974132023565,0.962784201207902,0.7547779481133701,-0.03269523850796224
1.4493178016747417,0.6426070624485374,0.03560100673282429,1.568741632502735,-0.032676248215287994
0.6603489730060859,0.3441240454764938,0.9681076371589299,0.16199857818979124,-0.032676691695088085
1.3337310702205143,1.7730059655041173,0.513306463135814,1.5038678075772884,-0.032682111963172104
0.660642255105119,0.5836020206284871,1.2504341957262257,0.6931531560007862,-0.03267964825251331
0.3072385402054254,1.8375561515839651,0.7795097935209983,1.6069671443690732,-0.032687892197966695
0.5584375695315922,0.01341664692848843,1.1131061989398516,0.9496829120829489,-0.032677348289274925
1.613685856784069,0.7131080283816682,0.279406200135089,1.8658087486449073,-0.03267637791175401
1.1297433229332219,0.5016740623548175,0.8740100998205189,1.9663827267236225,-0.03267671677811043
0.5012177777396085,1.3808767376963564,0.7757656250970104,0.8116009874012584,-0.03268312792633914
0.34684612807597515,0.44962035284360446,0.23226894368778894,1.5892660840028632,-0.03267591000522543
0.46165111937424186,0.9110890375152434,1.9558887002821796,1.2057308991181577,-0.03269963219793897
0.4406419947305744,1.699328583514467,0.9485770791208614,1.45518602114111,-0.032690416705585
1.6871746952230042,1.083953017841362,1.8296761109752118,1.0931583513613359,-0.032694904593229566
1.0049522412346026,0.6472101277194904,0.03102083347260587,0.81305555331148,-0.03267638689445234
1.1708252398537062,1.3277472380920838,0.9554712187128329,1.5262461723577208,-0.03268574678523042
1.490902169748065,1.598349700055628,0.16305226463122624,1.2629594269185342,-0.03267597400479313
1.598396930032379,0.3258991915857894,1.849840752999598,0.710975606483075,-0.03267772730178221
0.10912468089880889,1.6990779113460228,1.0515980438086077,0.3476817859546881,-0.03269342957020195
0.4653663911253998,1.9044115103564236,0.583907403909133,1.4615218688454992,-0.032684322072804056
0.6863691921771171,0.5712752428376875,1.8580326759464385,1.85135637870531,-0.03268245466515266
1.9463014749466587,1.0870155481664565,1.5704471456402482,1.7970845988163433,-0.03269200734843484
0.6380634823699267,0.8589881154873134,0.48290650019082637,1.621288480563853,-0.03267757724064183
1.3450026758275442,1.3462852566345778,1.460157876866203,0.7118779793924592,-0.03269539814129351
0.4892405025214186,1.1207000035397492,0.4725538615877969,1.6059595599652168,-0.03267841447981335
0.042628149752438116,1.6223492382557398,0.6516307056510138,1.958323394814592,-0.03268336642011524
0.6981884118228807,0.38632528868858773,1.4442513248554758,0.10662854139889033,-0.032677805625445165
0.7805806420976287,0.9125808753393183,1.804111824610683,1.7490280830302845,-0.032689993290278524
1.6921692868492808,0.9023158744934334,0.547253996018759,0.2752252176521035,-0.03267793322666345
1.664302240450491,0.5464747746285326,1.7008567954377032,0.36416513875557444,-0.03268309814967555
0.9972640079735022,0.047780556461581636,0.6411224049693818,0.7895003475911619,-0.03267578814209792
0.03818423153165118,1.0108481064359645,0.9597345555911887,0.5350708770262873,-0.03268211988877717
1.1720121341236254,1.8676723823682577,0.676610857782266,1.25712507791924,-0.032685929533665586
1.1563400436400382,0.5986124658377256,1.5632488418563395,1.2815587298483075,-0.03268268170951883
1.5301507071780518,1.8348744197000344,1.304529818302424,1.243774488062197,-0.03270097169158715
1.61775147332485,1.6221676303056938,1.9583398955483162,0.8156191088856204,-0.03269451293849223
1.8343121968040055,1.0043353575945098,1.1868144953651008,0.541114809665876,-0.03268521334247319
1.662140735920673,1.3958435598813008,1.5463524079490703,1.0039879712161393,-0.03269979512551491
1.473909168486701,1.422720329179811,0.47139297181952844,1.6015100910450448,-0.03267965967542447
1.1921731479205624,0.9754757683856043,0.1987036456164002,1.247574746711111,-0.032675912179929725
0.7840550618345192,1.1581145216225917,1.6038641173118553,0.6900097038643986,-0.03269452458511515
1.9231056062354408,0.29616115277578037,0.37047594867862377,0.1896007423796786,-0.0326764504796704
0.6006993490381805,1.6231263800079059,1.6408557353533832,1.103853718555814,-0.03248581941093186
1.0409055255831237,0.04446699906603668,1.252438077043274,0.6279321333232515,-0.03267614959912095
1.6285696881388103,1.0633978932414763,1.3183882997682848,0.9994786850716502,-0.032686907799188876
0.6309101092862985,0.48541542667261495,1.5873871036505252,0.3112059533868816,-0.0326814242992855
1.9634660104007393,0.8284080982009745,1.859641707952997,0.09665747340201558,-0.03268839050622385
0.3222924908212057,0.4392014741346366,1.807651584016587,0.45697692771767984,-0.03267979054531603
1.1862428012040775,0.19397133749404838,0.6720481423036606,0.5305714714636873,-0.03267574971956717
1.1836104247772667,1.432575417390678,0.042002950083356305,1.5791540161586637,-0.03267609366734864
0.20460436009354788,0.9593398416171066,0.6037672738587818,0.37894811718172927,-0.03267839778890445
1.1462688110709296,1.2179055371207321,0.3189860985347348,1.4418350113118297,-0.03267740138053851
0.39272999593397717,0.36843296268109316,1.61784842624773,1.3207582241249922,-0.03268038586737507
0.9377229892470651,0.17341001482537832,1.666670176092423,1.3995650180145198,-0.03267905895223549
0.35692736797078317,0.4804160084153575,0.8454538303157031,1.1436096721403683,-0.032676450860572845
1.3998240103602506,0.795022667409065,0.3273128094635518,0.7609866568608485,-0.03267676683472996
0.8813263014888726,0.532851738074271,1.4827495303316647,1.4378809262853276,-0.032680254732774146
1.1401019269903907,0.48659674946143117,1.9177417746617103,0.9510621135748665,-0.032686153012842625
1.8159195732286113,1.477371867932303,1.2049026370278482,0.8029724515664742,-0.03269302962517182
1.6569531023165904,0.6954239060501148,0.00852647360029235,1.9823280607552312,-0.03267716214345443
0.4995864313936276,0.4505364402674441,0.8460970563791868,1.0393619709170616,-0.032676304287968555
1.527214480342301,1.4992020543067468,0.7019324867744363,0.7540729428303172,-0.032683114662387505
1.1675879610195101,1.5675107654133478,1.1747217824007088,0.8262417130584399,-0.03269424586525664
1.9212027298444339,0.7974896059266423,0.8779459842584125,0.9276928190440419,-0.032678890936339716
0.8158493261841295,1.7424541779444276,0.8955783221431612,0.49518307821316543,-0.03268959191585484
0.13190269782227082,0.3085549169002064,1.0559883367182203,0.5807749747256314,-0.03267753382188621
1.4458541406654084,0.10572281825037733,1.1902993164614624,0.1583214579530463,-0.032677010526312736
0.447729263156488,1.7198638107592998,0.10436579394182322,1.7605222432121141,-0.03267553472682054
1.4057980348985935,0.7569473729355627,1.0699196155890587,0.9297814862934732,-0.032681153871156415
1.7635895475720107,1.9219760247793423,1.8092218352894156,1.4005374659779288,-0.03269097789346081
0.11868343963818329,1.9958821857420774,1.6659025524148248,0.05521333220063385,-0.03268796949008361
1.5143385406969434,0.8476379819720437,0.4030752147440224,1.8607698397173413,-0.032677245038603565
1.1785190879939562,0.044943587037081345,1.798596139324747,1.8272017183958515,-0.03267607350365563
1.7217111494836432,1.9398349046609518,1.9744533820983534,0.054600061356518514,-0.03267954192382143
0.4697327806322005,1.1626303882435616,1.2196183423995854,1.9962105485040327,-0.03268777651814659
0.46472912781604014,1.6931494659565534,0.22732159703862376,0.436675555049868,-0.032677018693872566
1.4432751304201044,1.3569852945479348,0.8729297529916686,0.15159078825317573,-0.03268448521989645
1.297511018498768,0.8468100811532104,1.7930302744056061,0.9808264782920466,-0.032688438573026835
0.7514139529846628,1.1934037504541857,1.9499828660229417,1.620944267074181,-0.03258167677803517
0.6138193315240621,1.5579648293208006,0.09770903073401027,0.25246206644820646,-0.03267547559990673
0.43241936030349315,0.27391955527496226,1.4373367607934036,1.976549777969966,-0.03267666862025724
1.7699105933561725,1.6089363770632388,0.1277815930148205,1.5391097393196287,-0.03267561831050399
1.9157103055054188,0.96452592545262,1.1387454806109727,1.2603125451960389,-0.03268439591224423
1.9724861284675488,0.684683948746214,1.3818656717019409,1.2835741479377258,-0.03268118295818939
0.37999946750983526,0.6983062631440455,1.312512875726501,1.1236460509863113,-0.032681026682000014
1.463200761758595,1.9404332522381809,1.698154574078147,1.5405897078255182,-0.032686686824916295
1.9484308070088925,0.026977225995039156,1.016703506588336,1.3132262785588347,-0.03267646989553225
0.2932993403563424,0.3947003054388951,0.027727933564139384,1.8722283798499304,-0.03267649108404963
1.148313533792262,1.04306466071388,0.9078751094864317,1.067805137053981,-0.03268163828912739
0.43552896065301905,0.9773285775992853,0.48039589306006847,1.1202790844653934,-0.0326779473450492
0.7065996164852526,0.6758977593212601,0.16694081690861995,1.3294698365862119,-0.03267551973208765
0.2932109858377723,1.1887758164856321,1.2637094885813467,0.966867284616598,-0.03268856506222631
1.5054306985683341,1.0585957154780932,1.7737481986781631,0.2334380602677395,-0.03269390246607468
1.6000888657369794,0.707154788218813,1.8788372948443373,1.0181896240271948,-0.03268630465086679
1.915557168646472,1.254741435923393,1.6233394791791442,1.4656681325556336,-0.0326978063971193
1.5307445012187648,0.5576110015545721,0.6417663608624227,0.5894533181396457,-0.03267668556689221
1.4183555916898303,1.7443564824639688,0.5117401048884203,0.22171910130076644,-0.03268191500796131
0.9818216741278192,1.8177824953246393,1.2639942877138521,1.4129355297085746,-0.032702213638745745
0.3362647818422979,1.2063461753105575,0.9927278466978886,0.8131712585751236,-0.03268500868790216
1.1171948083893728,0.6094423098850645,0.3515001307484653,0.23154862937586063,-0.03267665809821468
1.0348626616313081,1.0896670454080168,0.17795452966598013,0.13084487899396602,-0.03267578796325917
1.2298585438264695,1.7751717935642812,0.9794565924168306,0.0872676896720117,-0.03269242300183045
0.8093589311956637,1.5831058672067173,0.8798405628110888,1.488199635553194,-0.032687237833382704
0.42082178577959906,1.4532371883314315,1.2870984995078356,0.9416086549160341,-0.03269389614141653
0.1916121757512812,1.5965493598153673,1.7647893394280225,1.3847905276443246,-0.03263084427271805
1.232738623336565,0.7995859475364062,0.23688062564920753,1.340781399244351,-0.03267612838326921
1.7378187827225888,0.875780675817863,0.1577322868341977,1.9879810803908209,-0.03267552204657099
1.0476640046936285,0.7189070879367581,0.8243171852261819,1.2534149426254373,-0.032677827690017175
0.9196323162985094,1.6937072112353877,1.8442786319598454,0.12568839757125705,-0.03267564274275799
0.48445181466077836,1.7713472276010902,1.2265184317597542,1.5729207499628932,-0.03270027387150846
0.7587510484241518,0.15875438113995122,0.7057892559956138,1.4011568035674666,-0.03267558016889385
1.2354054027669004,0.6795719745845623,1.6495107980370907,0.5771486491792961,-0.03268518225997787
0.9024220469412905,0.17138273573630958,0.07058268375865784,0.42288282875415817,-0.03267550994475778
1.1136445366116035,0.7821426376447622,1.1653207982772666,1.3505972568171072,-0.0326822379543779
1.1048649928309502,0.19976089561672694,0.9139639027454112,0.6990814795569098,-0.03267574595191205
1.2689448435870407,0.5170811608230406,1.9000208244627925,0.08088981627842795,-0.0326841818921535
0.5949687830791048,1.8672012717615052,0.2914438114158062,0.12494365257792861,-0.03267849395532505
0.269162255770528,0.3727921735868187,0.6851237705406255,0.4407012191038979,-0.032676032331529214
0.6320514390068026,1.3564282429118477,1.4663310900123827,0.6278533600407501,-0.032695853142343745
0.20140808328620863,0.12478194230877881,1.3180644447794736,0.2751895589596729,-0.03267559041827349
0.9249898337140079,1.8977147533056737,0.48007435707965285,0.4884119466236878,-0.032682220035352434
0.19409971936837778,1.8985722754050993,0.9562072954169243,0.4971625172637,-0.03269362162018042
1.7432644513903381,1.5443932808630354,0.3577009152758537,0.7124274552784635,-0.03267867861183182
0.7038706129903567,1.5756184036765482,0.9450816043435677,1.813122513193155,-0.0326886561705285
0.24714786644569142,0.19221501616777115,0.15161820726771658,0.5785264183030745,-0.032675351915940835
1.552172942170503,1.9265221472612022,0.7342030573269134,1.8307186862108356,-0.03268777385969178
0.3321689779403789,1.6984461357161558,0.8398546117644436,1.254345956586364,-0.032687706157054706
1.8913781801834986,0.20074417843406467,1.5101547226732361,1.1399420355516652,-0.03267730673555194
1.7011112599986347,1.0560383429104163,1.6048588461699431,1.8348265783699884,-0.03269204633034281
1.1312410696674078,1.3484029315105377,1.1371610901399207,0.7589290807705895,-0.03268980221438822
1.3752270375063398,0.8141093000292337,1.774983013795035,0.8195620453755359,-0.03268779628514798
1.7118839576276752,0.8385088424810581,0.2210227250508745,0.6336068885227062,-0.032676022488951344
0.12533056627762296,1.8353643020976818,0.43109492892090495,0.5742860389581055,-0.03268097504453515
0.5681175258048834,1.3057090842932941,1.5215461889088913,0.694918601766493,-0.03269618655020109
1.377384165577296,1.0354844416139946,1.3958797392070865,0.5910610165373338,-0.032687359992416884
1.056496885812032,0.4800687745326022,0.14060675526650357,0.08407784212446145,-0.032675331146046836
0.4339378679017105,0.39069334077054996,1.216942233758434,0.17018113875440233,-0.03267803178233587
0.3851185976589153,0.09023331350450547,1.5634619427029117,0.06437253280574629,-0.03267780369086166
1.878193251282564,0.034433481833532786,0.9579150134601819,1.849298545744159,-0.03267587785202337
0.3497807780482496,0.12382265592280617,0.44517787942835696,0.06214092073595601,-0.032676410964281394
1.9609824090092582,1.1429998442010874,1.1865608366810743,1.8905391479793974,-0.03268722889533624
1.8028496576907653,1.2723069235043254,0.8390497012415823,0.23516777240713016,-0.03268299892984844
0.8794556900069004,0.9717097540012192,0.5199968635354828,1.9643762689459248,-0.032678106797407104
1.5243059860028316,0.807250552457921,1.2519817702023914,1.3458368811800496,-0.03268255458372638
1.1498339710807544,0.807444075150177,1.4756147554890864,1.6389754245253885,-0.032684557989310754
0.5427200312863472,1.734574773546144,1.5460613499095608,0.3930852505026232,-0.03249773130730925
1.4784345269486439,0.48703193622713914,1.9719647996045053,1.525108433741615,-0.03270212284245917
0.4740962186415838,1.4856842002138608,0.6903954372701149,1.8012988702263162,-0.032682827716787634
1.3335103864694464,0.06845718829212744,0.5228963099263682,0.4921738188292617,-0.032676247906151916
0.40889105412090254,1.5135638981085995,1.87580559498901,1.7287669813798994,-0.03263092639546659
1.294035828930147,1.0640601234131637,1.9405891852227883,1.1812056173709746,-0.03269893896635744
1.258483282103387,1.9835882079024534,0.46718881339845697,1.9239922155114877,-0.03268243747012394
0.7446151064586153,1.6080381207879395,0.6917835204311209,0.592187782792555,-0.03268390636060084
0.7527455939454502,0.8538657559686562,0.6324753701795838,0.5853438860002775,-0.032677953457557495
1.6737832679390023,0.8467924160036187,0.544000539404744,1.1124714919315999,-0.032677707522953396
0.2967779167089406,0.7649811261845048,0.14130574143970898,1.7082741362760838,-0.03267538928757587
1.568701872503197,1.9310000235211375,0.7158476697799232,1.7044532790166482,-0.03268739096733714
0.5455670758233113,0.17730439975192014,1.2588958875814207,0.09028753501778897,-0.03267634633889765
1.820693939698121,0.34334589374118285,0.13414169483483795,0.8355735933580304,-0.032675292120087254
1.5619750668163237,1.4153471672183655,1.1213832514684743,1.3167744242967256,-0.032690572653521634
0.9809480301336042,0.0881037614509681,0.9305237879134922,1.1133747293492247,-0.032675687221686664
1.3279031888060915,0.5673652930195916,0.8037990501513539,1.3343455597605487,-0.03267676628863029
1.9971585020035485,1.023825039845644,0.5765113413129037,1.5876811659503793,-0.032678600748645655
1.6394376271518971,1.671472945116796,0.049804384061768125,1.4299062644757046,-0.03267593082332462
1.136007281475134,0.027192458323629598,1.1720712451437023,0.31135151352754464,-0.03267712675083222
1.137549056125638,0.7277241800750638,1.0737301230066,1.4513008854079374,-0.032680906112044654
1.0371789512697915,1.024136639355318,1.1216598020394832,0.39632726974692467,-0.03268499808269275
1.2291453933374814,0.4496861392572915,1.7974467874539097,1.318759606383386,-0.03268015955586302
0.5569397051113028,1.6801982658852594,1.525998036713957,0.22159954434814155,-0.0316358084737582
0.22832114208488608,0.4260348266284111,1.886594214959773,0.15938501042641628,-0.032681233200577364
0.74294649252167,0.2705203885390617,1.35421624063283,0.6494278145908501,-0.032676150632188664
0.8811286395357174,0.08095258109446402,1.8166814276862546,1.2125622374089793,-0.03267566294424781
0.2391674663305965,0.8493113960944116,1.8614839136976125,1.1610249760635132,-0.03268896334032275
1.690304081953587,1.8380014219442589,0.4793399811172645,1.5781929835165587,-0.03268187454292999
1.3873943451724677,0.5088387831391212,1.1048606229248155,1.9043793532916224,-0.032679262702968406
1.0053722694215206,0.10650055082729049,0.8347382228828994,1.4941842899131348,-0.032675302633997004
0.8070020999185172,0.06804852443311327,1.068842489752313,0.320181307048621,-0.03267704465565185
1.5113314738813282,0.039569227000462615,1.9113117407947233,1.9319976518033082,-0.0326812153676891
0.2659304114535075,1.6189883047441636,1.2482662575801016,0.45806909659506023,-0.03269691878993123
0.06608621445398843,1.6649843698029771,1.7716892501823145,1.9335223875324874,-0.03266254209042528
0.42753459319332876,0.6382015167372519,0.013363864372048617,0.8443029364723407,-0.032676992975415695
1.364088828371984,1.687656830201352,1.1727631488519674,0.8253171958013414,-0.03269673635421077
1.6547667684339262,0.5474092832493609,0.8140030953775339,0.17581376684323757,-0.032676688864441444
1.7773794872052915,1.6751002786809674,0.6934976320097037,1.1699054671604374,-0.032684530293013964
0.9127495721512897,0.5421214148836957,1.061088428174439,1.2914538121649408,-0.03267905251117804
0.3976765939884255,1.8242630289733444,0.34399906194365193,0.4117022202757403,-0.03267934433702696
0.20182818552117543,0.09188769386593965,1.2656525711561706,0.5581762814467341,-0.03267603933721521
1.862639869926884,1.244735498812085,1.3357558788192918,0.39058688319652224,-0.0326904256860885
0.887270302573826,1.7684482109045454,1.7796523101718338,0.8511437743707291,-0.032678715841575445
0.5662146182973145,1.6539900042330575,1.5966072235356779,0.25823495801691876,-0.03232876795791474
1.5989579179693694,0.021980178856543686,0.3564720707487685,0.797885345850256,-0.03267635423405849
1.6402318691036328,1.962078075004736,0.8333482580304516,1.3320327949798032,-0.03269072397128458
1.4536753884060853,0.6841350755571161,1.670433125989159,1.4474612868581005,-0.03268540777425749
0.31631665275826437,0.7894362905290502,1.229926100925013,0.0204123268500791,-0.03268231630131939
1.580313200197192,0.7505014835655026,0.9835372149680652,1.2416899256503173,-0.03267979915324006
1.4090861372218322,0.241507985999871,1.913919855848245,0.4514687346389119,-0.03268259354713863
0.6153950184416197,0.18058767636991857,0.20592428620820624,1.3699618894892402,-0.03267567907564064
0.9382505392538738,1.3095331900953366,1.159392406012314,0.0630725964678851,-0.03268950663335032
0.38285744462231674,0.175875775590431,1.1126291185893293,1.1960493219476527,-0.032677551142355765
0.6723629697363125,0.04748393661759587,0.6014067583511555,0.97755995006486,-0.03267595999725284
1.56578480692267,0.5327843807340156,1.9868431897847805,1.491543434671394,-0.03251452270682666
0.45621136378427063,0.04682102772119223,0.2245398359948514,0.19963446190052037,-0.03267579052528066
1.021131181055007,0.5680511196461482,1.0565769713310518,1.156010775692185,-0.03267920437946867
1.4886322067589544,0.6882859954529608,0.44115558456405957,0.9984479878970212,-0.03267704224007334
0.4245732491793923,0.8646869593703312,0.46975417603042624,1.7700729516983447,-0.0326775500297953
1.0105613362589339,0.42197834604510454,0.20349872472857133,1.3580675926310162,-0.03267570417015862
0.17897619309729018,1.2425483608701817,1.926209385420559,0.3969556805707182,-0.031981072612766594
0.46248324159291987,0.17084705308592474,1.40678459558556,0.8720562542357817,-0.03267574273006744
0.3171934033272692,1.931068156085616,1.1538542062385793,0.5961782396457436,-0.03270187109340554
1.1657373833872833,1.0173492623221945,0.45537898322043957,1.6669396496389244,-0.032677949889915035
1.4222070251147045,0.9523197057628456,1.9385704769780348,1.0692647271216593,-0.03270077107604892
0.7741798717581148,1.9078572473011142,1.7718760463105097,0.955633185873193,-0.03268844141981736
1.9598250165076532,1.4811471113565762,0.8490145112599912,0.5285098819410592,-0.03268542586833813
0.6290485906142473,0.2189435196823779,1.5511561046651643,1.6844189912058654,-0.03267814280742782
0.20939996074325906,0.032268039745334764,0.2382998401690215,0.0021590348943070214,-0.03267587456600819
0.1798416309735109,1.808333357843751,1.551750106807816,0.5732251390676413,-0.032638702369774474
0.36401582505951713,1.8584838007441307,1.7810121246770485,1.2976546630887345,-0.03268577199288037
0.7905424110454535,1.453475372091481,1.2759262491266863,1.618627907298321,-0.03269370411358798
1.581655873647382,1.6971384730422716,1.921348832020728,0.3459271523247971,-0.0326879255628718
0.8939898130774093,0.9304051811192298,1.0290709610880584,0.6220613247501401,-0.03268240357080211
1.6169980833497783,1.2480078837153679,1.734105571409434,0.7054409183436239,-0.03269984428900191
1.150571409846974,0.18009397767524526,1.4533565207137376,1.5782351967899961,-0.03267627962895971
0.3559090573692718,1.8415977814922433,0.24682841966942815,1.0718586371753422,-0.03267760616839314
1.0632227242201213,1.1552394580489824,0.1160563756500308,1.0748485452426542,-0.03267539184695068
0.8032468714397489,1.3347328374835188,1.5931503339692095,0.018108312029851303,-0.03269945896613492
0.9486244851590493,0.24675833701769534,1.482146356128546,0.2973636656915972,-0.03267711661631941
0.19738663226790942,1.8239345085271428,0.3536051665528468,0.6579262967623691,-0.03267951779722795
0.42491268680461936,0.011457344924235224,1.7025211997479974,0.18943779011030681,-0.032678413674585044
1.3088977971231166,0.8070710382181365,1.70900036435867,1.8597582740068375,-0.032687875312804204
0.4009783987820643,1.2782554845078204,1.365194745471299,0.3906687110822107,-0.032691580816285
0.7225772379721898,0.24651977368573585,1.7131590205575695,1.9011417388592142,-0.03267922320227434
0.6001821279324071,1.5604090791032144,1.878736652710228,1.3672908730223707,-0.032657764690112064
0.4991167904971141,1.3788872019889542,0.35787146036515893,1.5833110991106683,-0.03267820121266901
0.2374734001370633,0.9951506922505355,1.4094899975153954,1.5199118395537217,-0.0326868263830498
1.307256524471564,0.3745974414100668,1.1024824653077974,0.023118363389682983,-0.03267832280706997
1.3840053033616848,1.206096727150526,1.3158713655131566,1.7644357902318057,-0.032689425047971184
0.6654027282458466,1.9543775211467305,0.9514479660770081,1.013775786629508,-0.03269437099360198
1.9861770906495888,0.58854901311579,0.2641423410652177,1.032416700907042,-0.032676186351365065
0.6509768762966832,0.25647609658699033,1.278817064688415,1.0297824545559953,-0.032676493261770925
0.7608231876104625,0.7319145948573571,0.38385423883376135,0.4747939445143199,-0.03267694979501355
1.8389135422294334,0.3075992809530095,0.316662079807301,0.7035965911518254,-0.03267630533936118
1.2571640118054637,0.3764882339563296,1.438140377926394,0.7268338991657071,-0.032677620317308614
0.38632335834668474,1.6466732188210598,1.8436268076019506,1.8182771592325189,-0.03266857222335591
1.0220060955521797,1.735360361821876,0.934329647615564,0.5525273426020874,-0.03269052809227326
1.6181552856806596,1.5123212648649955,0.9537337486927056,0.49213464619195557,-0.03268803665653953
1.68074532361852,0.1171198347574598,1.8389055185069427,0.18085054431450986,-0.03267552170663099
0.8765031802175485,1.7985230484265844,1.0547413564108299,0.1391623451472137,-0.032695327466055
0.3910021385875371,0.7998312894035939,0.25726763313271483,0.38350417826338745,-0.03267629114155796
0.4334250380995155,1.3136538508802766,0.8793896665416057,1.4882506285463173,-0.03268411732087775
0.887364805066585,1.177386439095472,1.5973233657163057,1.4474473932471623,-0.03269487232704282
1.0788217368739659,0.07979355222789586,0.4823461604027237,0.3043677743015041,-0.032676348403357605
1.5527088512663394,1.0116803478781282,1.2881871083419767,0.10211799586205794,-0.03268579887323803
1.6895218953280087,0.6964699172580731,0.8514415702336386,1.1543497479919003,-0.03267784836049667
1.4722411851739676,1.4994312017647669,0.24566135785140863,0.12238930631814426,-0.032677002613748014
1.0200662927626971,0.7865179334953973,0.5463747242675312,0.8903587459592395,-0.0326774928431816
0.8868786092256342,1.9450538250479812,1.7077233056891867,1.3974320932055706,-0.03268750032553088
1.4111578928968416,0.06157108500939845,1.2552463274176069,1.8404671036067233,-0.03267612825687623
1.2543068001021729,0.45389573056091304,0.44219259758541507,0.43783877915966474,-0.03267666129376001
1.8508182708896306,1.4056936204523167,0.8585132297570939,1.2943166778989599,-0.032684764739676235
1.3278237531044033,1.3621878830369203,1.8041991269372386,1.576300569492944,-0.03269930431562495
1.9839222000772097,1.8892636633826645,1.934713762977531,1.3843904927859088,-0.032702086423234626
1.9533350634171192,0.7427621901463706,1.38520981658499,1.7088461637220136,-0.03268213806746691
0.36607198528824814,1.621640066420292,0.5263228465195056,1.1706177367463495,-0.03268142322490283
0.9966518562172102,1.1496458715681575,0.6596940220676917,1.7933145050482253,-0.03267987845487815
1.3394512862562704,1.345300765700331,0.9261852545736764,0.6351441266976068,-0.03268536525838374
0.40090850635811925,1.237041127692104,1.2706794229172376,1.3435873065461876,-0.03268947154812723
1.5200143258914542,1.1203478617618639,1.1703030239167176,0.4327948479800927,-0.03268677034142686
1.728981524395678,0.1854619165642286,0.5737022163850194,1.839279610275758,-0.03267613342156828
1.6641198303019331,0.18785168175634537,1.016203306038871,1.8775904553370961,-0.03267667097957244
0.40076995700987283,0.03257960228195511,0.8168851966351323,0.5646191078181302,-0.03267525237014499
0.1998160194191474,1.8421713457325983,0.042614484502012884,1.6464894290439904,-0.032676098943070275
0.41562656024332045,1.6942341783966457,0.33720449943626685,0.5683958606576343,-0.03267882107121546
1.8918433265374492,0.5812710187701462,1.9410969294725944,1.3204264877657739,-0.032692364085896444
0.4919524643309441,1.996332035427283,1.4336797517123079,1.2265906709511352,-0.03264965447219256
1.1025236729728756,0.6542248374331119,1.733982728212776,0.713480987915331,-0.032684803765902465
0.33696789724145804,1.4416759358139974,0.7194044748874238,1.1154075975906792,-0.03268286529494595
1.6757598321190776,1.1445545801987804,0.6517698441499227,1.022298770540651,-0.03267978138157961
1.2291586695185248,1.4236074351741248,0.09205503145407778,0.6095162383195343,-0.03267545054370042
1.7574116097332426,0.9402064267811459,0.18497201509496497,1.0693572088765166,-0.03267576769704876
1.5218127424452819,0.12413553227178586,1.089446118943166,0.2178903118344635,-0.032677295185209385
0.29100031127666637,1.351198731415572,0.4404471973016515,1.4089755504157904,-0.03267901873391648
0.5308798210242001,0.8178758826754504,0.2065821501736076,1.1852855191066856,-0.03267588708503661
0.4011724855979748,1.3137365956173552,0.08052419407801215,1.8683849339296341,-0.03267548594690596
1.1884757588350245,0.8915004413665697,1.5182208911871737,1.4395192347958823,-0.0326869010619149
1.3263226454658856,0.7183307054273058,0.787890216592287,0.062106723079438986,-0.032677629852401
1.9340184782292544,0.5629396148614185,1.1013728823153635,0.4394924415005508,-0.032679676911023664
0.8689426998333543,1.9929027946616322,0.589790756670364,1.5351322663600602,-0.032685112225829274
1.0423322152480958,0.9041255396269143,1.551582188571575,0.6994033275151148,-0.03268780750993028
1.1563334442796585,1.5721826205080207,1.6113739618938236,1.5622896149420313,-0.03218465910260612
1.8793686220377561,0.9632813460749281,0.16130235310650476,0.5029473668496709,-0.03267558233655286
1.5003780887300966,0.5912551622625775,0.24197242264386598,0.23770160467874724,-0.03267603805166507
1.842910136076234,0.3807862666484305,0.10380332648818014,1.0857255914997523,-0.032675273454204457
1.0765854993257125,1.0346048616435146,0.35982417092687013,1.0637150478870452,-0.03267738372073699
0.21058658565112198,0.29228468108303796,0.03936741936036747,0.5674553795793029,-0.03267613835714726
0.01820468971422584,1.58909438542912,1.8200799680731967,1.827337330167842,-0.03264532318605092
1.1544267779409676,1.4048749422753233,0.9017252235040734,1.0471980657551263,-0.03268558301315161
0.43526227319489297,0.44127034920050767,0.28762663455424864,0.04058635096992913,-0.03267623870081479
1.5347666778912392,0.02555191324843964,1.8444476025596668,1.3529809702850852,-0.03267527843991687
0.6283420739873058,1.8121678809543098,0.2926321088161239,0.7210520404601433,-0.032678377622841835
1.9321257822687796,1.005081910895603,1.1087245475858116,1.3539154802000202,-0.032684582724460155
0.11420167008165882,1.6311256535785714,0.06478787744599934,1.6065709542798674,-0.0326756823280498
0.15933320582349708,1.3729754428457184,0.16820509091774993,0.6441309567432785,-0.032675870252079055
1.9298228941061173,1.7470016976167035,0.5650032456052907,1.154600035603516,-0.03268284596671793
1.3618300632533085,0.8785190304990893,1.1747359909645945,1.8627252104292913,-0.03268346309622529
0.39379590698516087,1.0844906737793416,0.5179577941460587,1.9646377387850174,-0.032678560454521305
1.011011931307525,1.0488650312366015,1.5353003293204048,0.908100861234042,-0.03269037504562723
0.5357892674044791,0.7376522446519425,0.3778107401869759,0.7710374154780979,-0.03267693500390289
0.5598714962005074,0.9856547342881998,1.811202672198328,0.4874023650959267,-0.0326918961077915
0.005296634025002023,1.3683573704500036,0.6749231231292123,1.607692239184263,-0.032681658041501804
1.911034132016667,1.719602458922208,1.2313882958111275,1.117701353054127,-0.032699050919225356
0.29139248550923513,1.1414846497241933,1.2822059806595223,0.8720207901185635,-0.032687922190156676
1.459946789055098,1.4671399127941798,1.8033437432986097,0.04077210065670789,0.10581992805758382
0.09162345321382026,0.1976065432023717,0.2903951885666378,0.5921075592550769,-0.032676164354598185
1.3524894858906513,0.03694670139899392,1.2361001897789352,0.9419573407266266,-0.032676359042160166
0.32177359053059007,1.3009532925228058,1.796495066812062,1.7028266246471808,-0.03270210892987024
0.588325746894244,1.118159764250265,0.017082547855407526,1.6519656844174442,-0.03267686144304526
1.1931447530835728,0.7778198089466903,1.264145323837891,0.12168819581135404,-0.03268213786187839
1.89224182673293,0.7280442572778616,0.19690710725969995,0.048361196047415955,-0.03267576265381094
0.5744149194595407,1.4862534459490035,0.5111788272285367,1.439064858126803,-0.03268045209280767
1.3064519124025733,1.3903366206914225,1.906168303314812,0.20850760903109866,-0.03249310135244626
1.4277326078638641,0.1419191978023444,0.36405304936855853,1.8343371660345704,-0.032676381836221624
1.2184985826888635,0.6492992522870742,0.5637986851948054,1.7759517420638686,-0.03267705100580671
1.1599697918480434,0.9052657041976555,0.05648402499245053,0.9311684453101561,-0.03267575560421963
0.3858666459667117,0.13674006573868458,1.0612811792520587,0.561707582230399,-0.03267705642199505
1.4286608635763793,1.7660508293488288,0.3858688348698198,1.420302620114987,-0.032679878003794516
0.8215688266988586,0.19698726388351662,0.5162824176959175,1.9927802488782986,-0.032676319886801794
1.8578935554184388,1.2091403790848456,0.5842747849449719,1.588328896684765,-0.03267965428741244
0.564109572069414,1.0840634199164192,1.5385707662305368,0.5908709307415729,-0.03269120414394641
1.922919066541649,1.6462466778072888,1.5502539176493642,1.7457760158746298,-0.031982440173720546
0.3826350275107153,1.2078953474409202,0.20878352149187895,1.491735018438079,-0.03267619175230008
0.9338960138268431,0.027595312849837406,1.1728435831701183,0.012241978740721082,-0.03267711947647182
0.1672262237892157,0.5572992197559845,0.2625320882027804,1.2387392898530116,-0.03267615745832718
1.626158891967107,1.5451707712337779,0.49319872871071113,1.5045509016519327,-0.0326805278564008
1.094729548329243,1.2909784380161793,1.3985661782446772,0.848413723016344,-0.032692511643036055
1.954067180635371,0.2623635446318977,1.4598542720342162,1.5791170153589824,-0.03267688202111467
1.208911080211148,0.5875237931261794,0.06738921026597433,0.5700946922139587,-0.03267556378528602
1.4735479091563213,1.7548423700089828,1.9334935033469571,1.4918655033043695,-0.03269429076655016
1.8097885291537879,1.470310836765635,0.3473414484084898,0.8054495894185854,-0.032678324290363284
1.2192579112436608,1.2154994171529576,0.9508625423770738,0.08550903922548292,-0.03268430397928381
1.3515688276036943,0.13896290817632906,0.7733801043316497,0.3658789595466576,-0.03267536267364671
1.0870001843594292,1.331812775260358,1.2907941808912007,0.05041963556674589,-0.03269147095130568
1.3387349498115335,1.906047419838303,0.06182347089804874,0.4928717841239709,-0.03267575492160461
0.734835701183193,0.8455609420845087,0.9678110847139898,0.9386720443733072,-0.03268049766877259
1.7765437769751433,0.20157463599934178,0.7369730827454695,1.099838794173929,-0.0326755297071014
0.8510446935639593,0.32886844468358967,0.9735156459900165,1.1626214222429716,-0.032676681217331374
0.5374286068592862,1.7143550252610813,1.3904459527507729,1.2274796269904071,-0.032701967967002865
1.6973114018407593,1.1216900842751298,0.29808747787774115,1.2311804562831452,-0.032677024445137745
1.8450618210515488,1.8016391668940157,0.20848191260434934,0.1472775795030723,-0.032676861206658726
1.9030993062987502,0.3366336385695128,0.5606218670428458,0.25654438788523204,-0.03267634461139549
0.5763360953565166,1.3328117883766326,1.3482833981954203,0.03435015702737876,-0.03269241719322528
1.5239415083172165,1.5315525136425712,0.08110524824975895,1.5042261885304347,-0.032675517627521446
1.7899849095234777,0.633155760701128,1.5882046633375801,0.8796549725398066,-0.03268364152878284
0.546849644676122,0.6806880971709814,0.09369589865110495,0.829321890823256,-0.03267533096646446
0.6291664631518064,0.1265975791223708,0.8259431957235406,0.46913981706769636,-0.032675314720495535
1.543854066238427,0.5669632682518133,0.5660156320106522,0.46712135206557703,-0.032676811759777796
1.7341002514944266,1.350644986744861,0.7948546124985829,0.2773008719172436,-0.03268311900399265
1.6018387007030837,0.6867184679654865,0.5262395143981291,1.8987224377145258,-0.03267715265531162
0.652699247576547,1.5653479274815485,1.4742064686618777,1.47850390049048,-0.03270212350559014
1.6097232300788384,1.45166005713236,0.8608676024215074,0.4745278051232116,-0.0326853227558918
0.8717599814342125,1.1252926618739212,0.8879898204525609,0.8132871811346873,-0.03268220544562947
1.5204377687019217,0.6401851604840298,0.28712302030353887,1.4360772110293796,-0.032676366698891984
1.5075023838387192,0.40698731482132366,0.6225753349136858,1.3853642183041681,-0.03267629672402815
0.5332006022440356,0.8011902280929228,0.795150773607489,0.4921503737816959,-0.032678249121473726
0.9052914127021472,0.8134045449180851,0.11427233868195996,1.9499763409766095,-0.03267531361838289
0.08602004859167312,0.1425973510424392,1.2730649705855521,1.764576750765745,-0.032676067409902115
1.172697271482838,1.8887885568363207,0.2079769552459647,1.913075389188141,-0.032676974371397535
0.5502033836223943,0.12444551151706262,1.1886677730478015,0.2928201366124401,-0.032677062818653776
0.3409577143818341,1.2549260822402244,1.8345570569129637,1.5262212354937768,-0.03270119316785028
0.7998591216327722,0.31373824917591153,0.3033224916853634,0.7022583028327267,-0.03267625443215695
0.2577385520872899,0.0037933190960537377,1.8172243680988907,1.2188897944864587,-0.03267553402642629
1.4830880367560622,0.2530426643845016,0.42086410944607766,1.7678899446573986,-0.032676475712080905
1.7518011604292927,1.109497690869828,0.5105084199771681,0.2132324290200016,-0.0326786212004534
0.9720969658475149,1.3383206421950402,1.4293548762936426,0.28347275286900264,-0.032694340584210675
0.3463878563705205,1.302676838184145,0.9482052263675422,0.3070257760110009,-0.032685293757982715
1.755488328560742,1.1583571157707397,1.6126185664567811,0.02955522818726486,-0.03269473964795034
0.1233582255721195,0.48266269300105114,1.2242391533188384,0.2798039946191129,-0.032678755027440456
0.4360985245840976,1.0911299458979482,1.654072723200848,0.3169545439460417,-0.03269382333236975
1.972063952110992,1.1383535604357422,0.6695912652237366,0.5860736497784649,-0.03267987838587283
1.2415413609408563,0.8885710363696644,0.9239641501240718,0.6166598911729311,-0.03268029050477395
0.7867847869775721,1.8861788136340363,1.986261702879139,0.47250714936416416,-0.032684865675748936
0.6935606423514222,0.9452764380434155,0.2032593290261675,0.5117875878441869,-0.0326759347455798
1.902495621753856,1.7249697793367809,1.1608152022975202,0.105467313734527,-0.032697268668446015
